Workbook
Name ox_000028bb_90d5_5dec_9cc8_870a93150530: 'Use Phase_Grid'!$R$140
Name ox_0001a265_7c13_5323_a99e_9642e264d6d6: Graphs!$B$62
Name ox_0002fcf0_4b0e_56b6_98d4_b9da58e42647: Recycling!$AU$313
Name ox_0003f549_bfde_59b1_a952_f0de26d8c51c: 'Use Phase'!$S$305
Name ox_0006e781_1fd8_50bf_81b1_ab22c72202cd: Resume_SensAnal!$D$36
Name ox_000cd5fc_e2c5_5040_b3de_f4248a2188ff: 'Heat map article'!$AQ$34
Name ox_000cfc63_95aa_5e42_8ce2_48abdb5c9257: 'Use Phase'!$M$393
Name ox_0010c928_8eed_51b1_91b3_ae52a8840e5d: 'Heat map article'!$AS$26
Name ox_0010cf07_9393_5c68_a2cc_2fd3c29159e0: Recycling!$BJ$331
Name ox_0017412b_887d_5889_9666_6fb17dbfead4: 'Use Phase_Grid'!$N$160
Name ox_002037de_57c0_53b2_aacf_ecf8d9a0a688: Resume_SensAnal!$I$154
Name ox_002c3543_07be_539b_a45d_94d73b645510: 'Use Phase_Grid'!$L$240
Name ox_003765ed_e390_5429_9739_27dce258ec6c: Resume_SensAnal!$J$173
Name ox_00387ac0_2f2e_5ef6_b125_9e2552124283: Production!$F$118
Name ox_00389837_6880_55b2_947e_77246a7205dd: Resume_SensAnal!$AR$94
Name ox_00393b89_70de_570e_93b8_669e8395f382: Recycling!$F$179
Name ox_003977ab_1df7_5c21_9841_364569dae4fb: Production!$BM$92
Name ox_003adf5e_00f6_5a4a_ac90_6d30b9f5cea7: Production!$F$111
Name ox_003c9efc_36cd_5352_8a1c_0e1fc5d0565b: Resume_SensAnal!$M$62
Name ox_00403999_e507_55be_97b0_92e7b9fa2a77: Production!$M$172
Name ox_0041e06d_5458_5978_afea_bebdb0a51d98: 'Heat map article'!$AM$19
Name ox_0042c04e_c204_500e_b95a_0f74727157bf: Resume_SensAnal!$E$88
Name ox_0044aedb_e399_55d5_b7a7_6a1fdac0e874: 'Heat map article'!$AJ$20
Name ox_00467b8b_0a17_5dc0_a333_d0efd6c7742e: Recycling!$R$123
Name ox_004e0a9e_214c_5848_a337_a073fdd0d51f: Resume_SensAnal!$M$161
Name ox_0051cc7c_41b0_5e22_bb05_d40e43990d73: Resume_SensAnal!$T$195
Name ox_0055de65_0f23_53bc_bce6_dc2457d38095: 'Use Phase'!$N$168
Name ox_00560a69_1309_5dd8_87b4_d9c214d4a616: Production!$Q$55
Name ox_005628c3_7fa4_5ed2_b045_c66a3234e2e6: 'Use Phase'!$AL$190
Name ox_00572e3e_50d9_57ed_b814_bd3bf802fd8c: Resume_SensAnal!$R$207
Name ox_005ca4dc_5160_5391_bc76_a50a3436a749: 'Use Phase'!$AJ$146
Name ox_005d2343_c0e2_5b8a_9eaa_8f0aa563b004: Graphs!$B$24
Name ox_0062fee3_6d9f_5943_b9c5_b9d933c35db0: 'Use Phase'!$O$198
Name ox_006543d9_f414_598f_bb8d_ac556739ac29: Recycling!$J$112
Name ox_006924fb_4d08_5831_b8fc_77302473a9a6: Production!$BN$206
Name ox_006da381_641b_5db9_905e_e0ea1179c805: Graphs!$B$63
Name ox_0072f0f6_3693_5fd6_871f_263e47a7271d: 'Use Phase'!$AE$286
Name ox_0074d227_9769_519b_993e_0ab5cc5f2384: 'Use Phase'!$W$190
Name ox_007652c8_23ec_518b_81b8_f2338f55872d: Resume_SensAnal!$M$149
Name ox_007a4e90_cb4c_5df4_aaeb_c52e624a697a: Resume_SensAnal!$V$187
Name ox_00816759_0d72_5b44_92b5_7d85e1375975: Recycling!$AU$315
Name ox_0084f91a_7382_5864_be40_1a93498978be: 'Use Phase'!$L$63
Name ox_00872e58_aefc_5b92_8ccd_780cee191c3c: 'Use Phase'!$N$210
Name ox_00891f92_f1e2_5fdf_aad1_224b4b17a67e: Recycling!$BK$306
Name ox_008c1580_41f1_5e31_86d5_4710ab21e4d0: Recycling!$I$104
Name ox_008c771b_59a0_5ff6_8ba1_9d6cf9d5687c: Recycling!$AO$105
Name ox_008f6c45_d8a6_51c3_9c57_cbaed3a23bfb: 'Use Phase'!$W$265
Name ox_00963417_c512_55c2_a27d_b5a9031629dd: Recycling!$AW$127
Name ox_0098ea5a_c149_5c99_998a_c122b3fd976e: 'Use Phase_Grid'!$N$91
Name ox_009a923c_9fc8_59e2_be49_7c89a1f39370: 'Use Phase'!$AJ$201
Name ox_009bb2c3_b15f_54b4_94bf_7e2d092b76a1: 'Use Phase_Grid'!$J$96
Name ox_009bf130_7eae_532f_9e5f_b0be0d86de47: 'Use Phase'!$K$308
Name ox_009dcafc_2525_5cac_a87f_f6051520709b: Resume_SensAnal!$P$210
Name ox_00a189fb_09d2_5130_8c93_f78bad16ac68: 'Use Phase'!$T$276
Name ox_00a250d7_b7fa_52d4_aefd_76996a6ffd92: 'Heat map article'!$I$6
Name ox_00a27ac3_f051_512c_95aa_ec8cb1b46eec: Production!$H$151
Name ox_00a50a65_28c1_5039_807c_5e4e3086ee8c: 'Use Phase_Grid'!$K$72
Name ox_00a54843_45e7_5c5f_bcb7_0b10fa048cd4: 'Heat map article'!$L$44
Name ox_00a8226e_bc51_5824_a703_5b1eddb6f799: Resume_SensAnal!$K$91
Name ox_00ac22cf_7dba_5121_82bc_7b15930b2f85: Recycling!$BX$103

Sheet Cover
B2: SUPPLEMENTARY INFORMATION
B4: On the environmental competitiveness of Sodium-Ion batteries under a full life cycle perspective – A cell-chemistry specific modelling approach
B5: Jens F. Petersa,b*, Manuel Baumannc, Joachim Binderd, Marcel Weilc,e
B7: aUniversity of Alcalá (UAH), Department of Economics, Alcalá de Henares, Madrid, Spain
B8: bIMDEA Energy, Systems Analysis Unit, Móstoles, Madrid, Spain
B9: cInstitute for Technology Assessment and System Analysis (ITAS), Karlsruhe Institute of Technology (KIT), Germany.
B10: dInstitute for Applied Materials (IAM-ESS), Karlsruhe Institute of Technology (KIT), Germany.
B11: eHelmholtz Institute Ulm for Electrochemical Energy Storage (HIU), Ulm, Germany
B15: This spreadsheet contains all results tables and the underlying calculations for reproducing the Figures and Results presented in the main manuscript
B17: All data is published under CC-BY license and free for re-use, as long as the source is properly cited.

Sheet Production
B1: Na-Ion battery cell, prismatic, Na-NMC(111)-HC (2021) | G1: re-calculated with updated LCU (19.07.) | L1: Na-Ion battery cell, prismatic, NaMVP-HC (2021) | V1: Na-Ion battery cell, prismatic, NaMMO-HC (2021) | AA1: re-calculated with updated LCI (19.07.) | AF1: Na-Ion battery cell, prismatic, NaNMMT (2021) | AK1: LCI unchanged (19.7.) | AP1: Na-Ion battery cell, prismatic, NaPBA-HC (2021) | AZ1: Li-Ion battery cell, prismatic, NMC622-C (2021) | BE1: LCI unchanged (19.7.) | BJ1: Li-Ion battery cell, prismatic, LFP-C (2021) | BN1: LCI unchanged (19.7.)
B2: 1161.45 g Na-Ion battery cell, prismatic, NMC-HC (2021) | L2: 1039.4 g Na-Ion battery cell, prismatic, NaMVP-HC (2021) | V2: 1007.7 g Na-Ion battery cell, prismatic, NaMMO-HC (2021) | AF2: 921.64 kg Na-Ion battery cell, prismatic, NMMT-HC (2021) | AZ2: 600.29 kg Li-Ion battery cell, prismatic, NMC622-C (2021) | BJ2: 800.13 kg Li-Ion battery cell, prismatic, LFP-C (2021)
B3: Impact analysis | E3: =B1 -> Na-Ion battery cell, prismatic, Na-NMC(111)-HC (2021) | L3: =B3 -> Impact analysis | O3: =L1 -> Na-Ion battery cell, prismatic, NaMVP-HC (2021) | V3: =L3 -> Impact analysis | Y3: =V1 -> Na-Ion battery cell, prismatic, NaMMO-HC (2021) | AF3: =V3 -> Impact analysis | AI3: =AF1 -> Na-Ion battery cell, prismatic, NaNMMT (2021) | AP3: =AF3 -> Impact analysis | AS3: =AP1 -> Na-Ion battery cell, prismatic, NaPBA-HC (2021) | AZ3: =AP3 -> Impact analysis | BC3: =AZ1 -> Li-Ion battery cell, prismatic, NMC622-C (2021) | BJ3: =AP3 -> Impact analysis | BM3: =BJ1 -> Li-Ion battery cell, prismatic, LFP-C (2021)
B4: Name | C4: Category | D4: Inventory result | E4: Unit | F4: Impact factor | G4: Unit | H4: Impact result | I4: Unit | L4: Name | M4: Category | N4: Inventory result | O4: Unit | P4: Impact factor | Q4: Unit | R4: Impact result | S4: Unit | V4: Name | W4: Category | X4: Inventory result | Y4: Unit | Z4: Impact factor | AA4: Unit | AB4: Impact result | AC4: Unit | AF4: Name | AG4: Category | AH4: Inventory result | AI4: Unit | AJ4: Impact factor | AK4: Unit | AL4: Impact result | AM4: Unit | AP4: Name | AQ4: Category | AR4: Inventory result | AS4: Unit | AT4: Impact factor | AU4: Unit | AV4: Impact result | AW4: Unit | AZ4: Name | BA4: Category | BB4: Inventory result | BC4: Unit | BD4: Impact factor | BE4: Unit | BF4: Impact result | BG4: Unit | BJ4: Name | BK4: Category | BL4: Inventory result | BM4: Unit | BN4: Impact factor | BO4: Unit | BP4: Impact result | BQ4: Unit
B5: Acidification | H5: 0.15678 | I5: molc H+ eq | L5: Acidification | R5: 0.13554 | S5: molc H+ eq | V5: Acidification | AB5: 0.07892 | AC5: molc H+ eq | AF5: Acidification | AL5: 0.08394 | AM5: molc H+ eq | AP5: Acidification | AV5: 0.09139 | AW5: molc H+ eq | AZ5: Acidification | BF5: 0.07144 | BG5: molc H+ eq | BJ5: Acidification | BP5: 0.05301 | BQ5: molc H+ eq
B6: Climate change | H6: 13.71866 | I6: kg CO2 eq | L6: Climate change | R6: 14.20745 | S6: kg CO2 eq | V6: Climate change | AB6: 8.28422 | AC6: kg CO2 eq | AF6: Climate change | AL6: 8.01709 | AM6: kg CO2 eq | AP6: Climate change | AV6: 13.87795 | AW6: kg CO2 eq | AZ6: Climate change | BF6: 7.10008 | BG6: kg CO2 eq | BJ6: Climate change | BP6: 7.83497 | BQ6: kg CO2 eq
B7: Freshwater ecotoxicity | H7: 549.87634 | I7: CTUe | L7: Freshwater ecotoxicity | R7: 376.75458 | S7: CTUe | V7: Freshwater ecotoxicity | AB7: 123.10079 | AC7: CTUe | AF7: Freshwater ecotoxicity | AL7: 203.26992 | AM7: CTUe | AP7: Freshwater ecotoxicity | AV7: 208.92841 | AW7: CTUe | AZ7: Freshwater ecotoxicity | BF7: 969.27582 | BG7: CTUe | BJ7: Freshwater ecotoxicity | BP7: 1256.8352 | BQ7: CTUe
B8: Freshwater eutrophication | H8: 0.00493 | I8: kg P eq | L8: Freshwater eutrophication | R8: 0.00581 | S8: kg P eq | V8: Freshwater eutrophication | AB8: 0.00278 | AC8: kg P eq | AF8: Freshwater eutrophication | AL8: 0.0026 | AM8: kg P eq | AP8: Freshwater eutrophication | AV8: 0.00398 | AW8: kg P eq | AZ8: Freshwater eutrophication | BF8: 0.00541 | BG8: kg P eq | BJ8: Freshwater eutrophication | BP8: 0.01107 | BQ8: kg P eq
B9: Human toxicity, cancer effects | H9: 6.16316e-06 | I9: CTUh | L9: Human toxicity, cancer effects | R9: 1.50774e-05 | S9: CTUh | U9: =R9+Recycling!R108 -> 1.4671644e-05 | V9: Human toxicity, cancer effects | AB9: 9.65025e-07 | AC9: CTUh | AF9: Human toxicity, cancer effects | AL9: 1.62113e-06 | AM9: CTUh | AP9: Human toxicity, cancer effects | AV9: 1.6302e-06 | AW9: CTUh | AZ9: Human toxicity, cancer effects | BF9: 3.32929e-06 | BG9: CTUh | BJ9: Human toxicity, cancer effects | BP9: 1.92396e-06 | BQ9: CTUh
B10: Human toxicity, non-cancer effects | H10: 1.21864e-05 | I10: CTUh | L10: Human toxicity, non-cancer effects | R10: 1.25432e-05 | S10: CTUh | U10: =R10+Recycling!R109 -> 1.2275196e-05 | V10: Human toxicity, non-cancer effects | AB10: 1.78457e-06 | AC10: CTUh | AF10: Human toxicity, non-cancer effects | AL10: 3.04604e-06 | AM10: CTUh | AP10: Human toxicity, non-cancer effects | AV10: 2.6951e-06 | AW10: CTUh | AZ10: Human toxicity, non-cancer effects | BF10: 1.31593e-05 | BG10: CTUh | BJ10: Human toxicity, non-cancer effects | BP10: 1.38529e-05 | BQ10: CTUh
B11: Ionizing radiation E (interim) | H11: 2.5135e-05 | I11: CTUe | L11: Ionizing radiation E (interim) | R11: 4.72612e-06 | S11: CTUe | T11: =SUM(R9:R10) -> 2.76206e-05 | U11: =SUM(U9:U10) -> 2.694684e-05 | V11: Ionizing radiation E (interim) | AB11: 3.55227e-06 | AC11: CTUe | AF11: Ionizing radiation E (interim) | AL11: 5.73509e-06 | AM11: CTUe | AP11: Ionizing radiation E (interim) | AV11: 4.45032e-06 | AW11: CTUe | AZ11: Ionizing radiation E (interim) | BF11: 1.16005e-05 | BG11: CTUe | BJ11: Ionizing radiation E (interim) | BP11: 2.77624e-06 | BQ11: CTUe
B12: Ionizing radiation HH | H12: 4.11443 | I12: kBq U235 eq | L12: Ionizing radiation HH | R12: 1.43068 | S12: kBq U235 eq | V12: Ionizing radiation HH | AB12: 1.17758 | AC12: kBq U235 eq | AF12: Ionizing radiation HH | AL12: 1.32416 | AM12: kBq U235 eq | AP12: Ionizing radiation HH | AV12: 1.4781 | AW12: kBq U235 eq | AZ12: Ionizing radiation HH | BF12: 1.92503 | BG12: kBq U235 eq | BJ12: Ionizing radiation HH | BP12: 0.86619 | BQ12: kBq U235 eq
B13: Land use | H13: 15.01635 | I13: kg C deficit | L13: Land use | R13: 18.49076 | S13: kg C deficit | V13: Land use | AB13: 9.26896 | AC13: kg C deficit | AF13: Land use | AL13: 11.36192 | AM13: kg C deficit | AP13: Land use | AV13: 12.28548 | AW13: kg C deficit | AZ13: Land use | BF13: 1.84147 | BG13: kg C deficit | BJ13: Land use | BP13: 1.90522 | BQ13: kg C deficit
B14: Marine eutrophication | H14: 0.02472 | I14: kg N eq | L14: Marine eutrophication | R14: 0.02029 | S14: kg N eq | V14: Marine eutrophication | AB14: 0.01545 | AC14: kg N eq | AF14: Marine eutrophication | AL14: 0.01576 | AM14: kg N eq | AP14: Marine eutrophication | AV14: 0.01908 | AW14: kg N eq | AZ14: Marine eutrophication | BF14: 0.0099 | BG14: kg N eq | BJ14: Marine eutrophication | BP14: 0.00984 | BQ14: kg N eq
B15: Mineral, fossil & ren resource depletion | H15: 0.00573 | I15: kg Sb eq | L15: Mineral, fossil & ren resource depletion | R15: 0.00124 | S15: kg Sb eq | V15: Mineral, fossil & ren resource depletion | AB15: 0.00084 | AC15: kg Sb eq | AF15: Mineral, fossil & ren resource depletion | AL15: 0.00144 | AM15: kg Sb eq | AP15: Mineral, fossil & ren resource depletion | AV15: 0.00128 | AW15: kg Sb eq | AZ15: Mineral, fossil & ren resource depletion | BF15: 0.00503 | BG15: kg Sb eq | BJ15: Mineral, fossil & ren resource depletion | BP15: 0.00486 | BQ15: kg Sb eq
B16: Ozone depletion | H16: 1.8274e-06 | I16: kg CFC-11 eq | L16: Ozone depletion | R16: 1.23342e-06 | S16: kg CFC-11 eq | V16: Ozone depletion | AB16: 7.39456e-07 | AC16: kg CFC-11 eq | AF16: Ozone depletion | AL16: 7.37173e-07 | AM16: kg CFC-11 eq | AP16: Ozone depletion | AV16: 1.41684e-06 | AW16: kg CFC-11 eq | AZ16: Ozone depletion | BF16: 7.8499e-07 | BG16: kg CFC-11 eq | BJ16: Ozone depletion | BP16: 6.17554e-07 | BQ16: kg CFC-11 eq
B17: Particulate matter | H17: 0.01158 | I17: kg PM2.5 eq | L17: Particulate matter | R17: 0.0106 | S17: kg PM2.5 eq | V17: Particulate matter | AB17: 0.00658 | AC17: kg PM2.5 eq | AF17: Particulate matter | AL17: 0.00562 | AM17: kg PM2.5 eq | AP17: Particulate matter | AV17: 0.00758 | AW17: kg PM2.5 eq | AZ17: Particulate matter | BF17: 0.00646 | BG17: kg PM2.5 eq | BJ17: Particulate matter | BP17: 0.00557 | BQ17: kg PM2.5 eq
B18: Photochemical ozone formation | H18: 0.05783 | I18: kg NMVOC eq | L18: Photochemical ozone formation | R18: 0.05802 | S18: kg NMVOC eq | V18: Photochemical ozone formation | AB18: 0.03632 | AC18: kg NMVOC eq | AF18: Photochemical ozone formation | AL18: 0.03502 | AM18: kg NMVOC eq | AP18: Photochemical ozone formation | AV18: 0.04534 | AW18: kg NMVOC eq | AZ18: Photochemical ozone formation | BF18: 0.02705 | BG18: kg NMVOC eq | BJ18: Photochemical ozone formation | BP18: 0.02767 | BQ18: kg NMVOC eq
B19: Terrestrial eutrophication | H19: 0.22917 | I19: molc N eq | L19: Terrestrial eutrophication | R19: 0.20654 | S19: molc N eq | V19: Terrestrial eutrophication | AB19: 0.16694 | AC19: molc N eq | AF19: Terrestrial eutrophication | AL19: 0.154 | AM19: molc N eq | AP19: Terrestrial eutrophication | AV19: 0.19186 | AW19: molc N eq | AZ19: Terrestrial eutrophication | BF19: 0.09109 | BG19: molc N eq | BJ19: Terrestrial eutrophication | BP19: 0.10404 | BQ19: molc N eq
B20: Water resource depletion | H20: 15.68326 | I20: m3 water eq | L20: Water resource depletion | R20: 6.97262 | S20: m3 water eq | V20: Water resource depletion | AB20: 5.00015 | AC20: m3 water eq | AF20: Water resource depletion | AL20: 5.58113 | AM20: m3 water eq | AP20: Water resource depletion | AV20: 7.6298 | AW20: m3 water eq | AZ20: Water resource depletion | BF20: 8.01798 | BG20: m3 water eq | BJ20: Water resource depletion | BP20: 4.95109 | BQ20: m3 water eq
B22: energy density | C22: 136.31 | D22: 152.46717 | E22: 157.08 | F22: 171.91013 | G22: 124.1 | H22: 272.11478 | I22: 197.41872 | J22: Wh/kg
B23: capacity (Wh/cell) | C23: 158.31754 | D23: 158.47438 | E23: 158.29108 | F23: 158.44307 | G23: 159.43 | H23: 158.46821 | I23: 157.997 | K23: =B23 -> capacity (Wh/cell) | L23: =C23 -> 158.31754 | M23: =D23 -> 158.47438 | N23: =E23 -> 158.29108 | O23: =F23 -> 158.44307 | P23: =G23 -> 159.43 | Q23: =H23 -> 158.46821 | R23: =I23 -> 157.997
C24: NaNMC | D24: NaMVP | E24: NaMMO | F24: NaNMMT | G24: NaPBA | H24: LiNMC | I24: LiFP | K24: per cell | L24: =C24 -> NaNMC | M24: =D24 -> NaMVP | N24: =E24 -> NaMMO | O24: =F24 -> NaNMMT | P24: =G24 -> NaPBA | Q24: =H24 -> LiNMC | R24: =I24 -> LiFP
A25: AP | B25: =B5 -> Acidification | C25: =H5 -> 0.15678 | D25: =R5 -> 0.13554 | E25: =AB5 -> 0.07892 | F25: =AL5 -> 0.08394 | G25: =AV5 -> 0.09139 | H25: =BF5 -> 0.07144 | I25: =BP5 -> 0.05301 | J25: =I5 -> molc H+ eq | K25: AP | L25: =C25 -> 0.15678 | M25: =D25 -> 0.13554 | N25: =E25 -> 0.07892 | O25: =F25 -> 0.08394 | P25: =G25 -> 0.09139 | Q25: =H25 -> 0.07144 | R25: =I25 -> 0.05301 | S25: =J25 -> molc H+ eq
A26: GWP | B26: =B6 -> Climate change | C26: =H6 -> 13.71866 | D26: =R6 -> 14.20745 | E26: =AB6 -> 8.28422 | F26: =AL6 -> 8.01709 | G26: =AV6 -> 13.87795 | H26: =BF6 -> 7.10008 | I26: =BP6 -> 7.83497 | J26: =I6 -> kg CO2 eq | K26: GWP | L26: =C26 -> 13.71866 | M26: =D26 -> 14.20745 | N26: =E26 -> 8.28422 | O26: =F26 -> 8.01709 | P26: =G26 -> 13.87795 | Q26: =H26 -> 7.10008 | R26: =I26 -> 7.83497 | S26: =J26 -> kg CO2 eq
A27: FWEcoTox | B27: =B7 -> Freshwater ecotoxicity | C27: =H7 -> 549.87634 | D27: =R7 -> 376.75458 | E27: =AB7 -> 123.10079 | F27: =AL7 -> 203.26992 | G27: =AV7 -> 208.92841 | H27: =BF7 -> 969.27582 | I27: =BP7 -> 1256.8352 | J27: =I7 -> CTUe | K27: Htox | L27: =(C29+C30)*1000 -> 0.01834956 | M27: =(D29+D30)*1000 -> 0.0276206 | N27: =(E29+E30)*1000 -> 0.002749595 | O27: =(F29+F30)*1000 -> 0.00466717 | P27: =(G29+G30)*1000 -> 0.0043253 | Q27: =(H29+H30)*1000 -> 0.01648859 | R27: =(I29+I30)*1000 -> 0.01577686 | S27: mCTUh
A28: FWEP | B28: =B8 -> Freshwater eutrophication | C28: =H8 -> 0.00493 | D28: =R8 -> 0.00581 | E28: =AB8 -> 0.00278 | F28: =AL8 -> 0.0026 | G28: =AV8 -> 0.00398 | H28: =BF8 -> 0.00541 | I28: =BP8 -> 0.01107 | J28: =I8 -> kg P eq | K28: RDP | L28: =C35 -> 0.00573 | M28: =D35 -> 0.00124 | N28: =E35 -> 0.00084 | O28: =F35 -> 0.00144 | P28: =G35 -> 0.00128 | Q28: =H35 -> 0.00503 | R28: =I35 -> 0.00486 | S28: =J35 -> kg Sb eq
A29: Htox,c | B29: =B9 -> Human toxicity, cancer effects | C29: =H9 -> 6.16316e-06 | D29: =R9 -> 1.50774e-05 | E29: =AB9 -> 9.65025e-07 | F29: =AL9 -> 1.62113e-06 | G29: =AV9 -> 1.6302e-06 | H29: =BF9 -> 3.32929e-06 | I29: =BP9 -> 1.92396e-06 | J29: =I9 -> CTUh | K29: ODP | L29: =C36 -> 1.8274e-06 | M29: =D36 -> 1.23342e-06 | N29: =E36 -> 7.39456e-07 | O29: =F36 -> 7.37173e-07 | P29: =G36 -> 1.41684e-06 | Q29: =H36 -> 7.8499e-07 | R29: =I36 -> 6.17554e-07 | S29: =J36 -> kg CFC-11 eq
A30: Htox,nc | B30: =B10 -> Human toxicity, non-cancer effects | C30: =H10 -> 1.21864e-05 | D30: =R10 -> 1.25432e-05 | E30: =AB10 -> 1.78457e-06 | F30: =AL10 -> 3.04604e-06 | G30: =AV10 -> 2.6951e-06 | H30: =BF10 -> 1.31593e-05 | I30: =BP10 -> 1.38529e-05 | J30: =I10 -> CTUh | K30: PMF | L30: =C37 -> 0.01158 | M30: =D37 -> 0.0106 | N30: =E37 -> 0.00658 | O30: =F37 -> 0.00562 | P30: =G37 -> 0.00758 | Q30: =H37 -> 0.00646 | R30: =I37 -> 0.00557 | S30: =J37 -> kg PM2.5 eq
A31: MEP | B31: =B11 -> Ionizing radiation E (interim) | C31: =H11 -> 2.5135e-05 | D31: =R11 -> 4.72612e-06 | E31: =AB11 -> 3.55227e-06 | F31: =AL11 -> 5.73509e-06 | G31: =AV11 -> 4.45032e-06 | H31: =BF11 -> 1.16005e-05 | I31: =BP11 -> 2.77624e-06 | J31: =I11 -> CTUe
A32: ADP | B32: =B12 -> Ionizing radiation HH | C32: =H12 -> 4.11443 | D32: =R12 -> 1.43068 | E32: =AB12 -> 1.17758 | F32: =AL12 -> 1.32416 | G32: =AV12 -> 1.4781 | H32: =BF12 -> 1.92503 | I32: =BP12 -> 0.86619 | J32: =I12 -> kBq U235 eq | K32: per kWh | L32: =L24 -> NaNMC | M32: =M24 -> NaMVP | N32: =N24 -> NaMMO | O32: =O24 -> NaNMMT | P32: =P24 -> NaPBA | Q32: =Q24 -> LiNMC | R32: =R24 -> LiFP
A33: ODP | B33: =B13 -> Land use | C33: =H13 -> 15.01635 | D33: =R13 -> 18.49076 | E33: =AB13 -> 9.26896 | F33: =AL13 -> 11.36192 | G33: =AV13 -> 12.28548 | H33: =BF13 -> 1.84147 | I33: =BP13 -> 1.90522 | J33: =I13 -> kg C deficit | K33: =K25 -> AP | L33: =L25/C$23*1000 -> 0.99028828 | M33: =M25/D$23*1000 -> 0.85528021 | N33: =N25/E$23*1000 -> 0.49857514 | O33: =O25/F$23*1000 -> 0.52978018 | P33: =P25/G$23*1000 -> 0.57322963 | Q33: =Q25/H$23*1000 -> 0.45081597 | R33: =R25/I$23*1000 -> 0.33551271 | S33: =S25 -> molc H+ eq
A34: PMF | B34: =B14 -> Marine eutrophication | C34: =H14 -> 0.02472 | D34: =R14 -> 0.02029 | E34: =AB14 -> 0.01545 | F34: =AL14 -> 0.01576 | G34: =AV14 -> 0.01908 | H34: =BF14 -> 0.0099 | I34: =BP14 -> 0.00984 | J34: =I14 -> kg N eq | K34: =K26 -> GWP | L34: =L26/C$23*1000 -> 86.652814 | M34: =M26/D$23*1000 -> 89.651401 | N34: =N26/E$23*1000 -> 52.335354 | O34: =O26/F$23*1000 -> 50.599182 | P34: =P26/G$23*1000 -> 87.047293 | Q34: =Q26/H$23*1000 -> 44.804444 | R34: =R26/I$23*1000 -> 49.589361 | S34: =S26 -> kg CO2 eq
A35: TEP | B35: =B15 -> Mineral, fossil & ren resource depletion | C35: =H15 -> 0.00573 | D35: =R15 -> 0.00124 | E35: =AB15 -> 0.00084 | F35: =AL15 -> 0.00144 | G35: =AV15 -> 0.00128 | H35: =BF15 -> 0.00503 | I35: =BP15 -> 0.00486 | J35: =I15 -> kg Sb eq | K35: =K27 -> Htox | L35: =L27/C$23*1000 -> 0.11590352 | M35: =M27/D$23*1000 -> 0.17429063 | N35: =N27/E$23*1000 -> 0.017370498 | O35: =O27/F$23*1000 -> 0.029456447 | P35: =P27/G$23*1000 -> 0.027129775 | Q35: =Q27/H$23*1000 -> 0.10404983 | R35: =R27/I$23*1000 -> 0.099855443 | S35: =S27 -> mCTUh
B36: =B16 -> Ozone depletion | C36: =H16 -> 1.8274e-06 | D36: =R16 -> 1.23342e-06 | E36: =AB16 -> 7.39456e-07 | F36: =AL16 -> 7.37173e-07 | G36: =AV16 -> 1.41684e-06 | H36: =BF16 -> 7.8499e-07 | I36: =BP16 -> 6.17554e-07 | J36: =I16 -> kg CFC-11 eq | K36: =K28 -> RDP | L36: =L28/C$23*1000 -> 0.036193085 | M36: =M28/D$23*1000 -> 0.0078246087 | N36: =N28/E$23*1000 -> 0.0053066792 | O36: =O28/F$23*1000 -> 0.0090884376 | P36: =P28/G$23*1000 -> 0.0080286019 | Q36: =Q28/H$23*1000 -> 0.031741382 | R36: =R28/I$23*1000 -> 0.030760079 | S36: =S28 -> kg Sb eq
B37: =B17 -> Particulate matter | C37: =H17 -> 0.01158 | D37: =R17 -> 0.0106 | E37: =AB17 -> 0.00658 | F37: =AL17 -> 0.00562 | G37: =AV17 -> 0.00758 | H37: =BF17 -> 0.00646 | I37: =BP17 -> 0.00557 | J37: =I17 -> kg PM2.5 eq | K37: =K29 -> ODP | L37: =L29/C$23*1000 -> 1.1542625e-05 | M37: =M29/D$23*1000 -> 7.7830878e-06 | N37: =N29/E$23*1000 -> 4.6714949e-06 | O37: =O29/F$23*1000 -> 4.6526047e-06 | P37: =P29/G$23*1000 -> 8.8869096e-06 | Q37: =Q29/H$23*1000 -> 4.9536118e-06 | R37: =R29/I$23*1000 -> 3.908644e-06 | S37: =S29 -> kg CFC-11 eq
B38: =B18 -> Photochemical ozone formation | C38: =H18 -> 0.05783 | D38: =R18 -> 0.05802 | E38: =AB18 -> 0.03632 | F38: =AL18 -> 0.03502 | G38: =AV18 -> 0.04534 | H38: =BF18 -> 0.02705 | I38: =BP18 -> 0.02767 | J38: =I18 -> kg NMVOC eq | K38: =K30 -> PMF | L38: =L30/C$23*1000 -> 0.07314414 | M38: =M30/D$23*1000 -> 0.066887784 | N38: =N30/E$23*1000 -> 0.041568987 | O38: =O30/F$23*1000 -> 0.035470152 | P38: =P30/G$23*1000 -> 0.047544377 | Q38: =Q30/H$23*1000 -> 0.040765274 | R38: =R30/I$23*1000 -> 0.035253835 | S38: =S30 -> kg PM2.5 eq
B39: =B19 -> Terrestrial eutrophication | C39: =H19 -> 0.22917 | D39: =R19 -> 0.20654 | E39: =AB19 -> 0.16694 | F39: =AL19 -> 0.154 | G39: =AV19 -> 0.19186 | H39: =BF19 -> 0.09109 | I39: =BP19 -> 0.10404 | J39: =I19 -> molc N eq
B40: =B20 -> Water resource depletion | C40: =H20 -> 15.68326 | D40: =R20 -> 6.97262 | E40: =AB20 -> 5.00015 | F40: =AL20 -> 5.58113 | G40: =AV20 -> 7.6298 | H40: =BF20 -> 8.01798 | I40: =BP20 -> 4.95109 | J40: =I20 -> m3 water eq
B41: GWP | E41: =E3 -> Na-Ion battery cell, prismatic, Na-NMC(111)-HC (2021) | L41: =B41 -> GWP | O41: =O3 -> Na-Ion battery cell, prismatic, NaMVP-HC (2021) | V41: =L41 -> GWP | Y41: =Y3 -> Na-Ion battery cell, prismatic, NaMMO-HC (2021) | AF41: =V41 -> GWP | AI41: =AI3 -> Na-Ion battery cell, prismatic, NaNMMT (2021) | AP41: =AF41 -> GWP | AS41: =AS3 -> Na-Ion battery cell, prismatic, NaPBA-HC (2021) | AZ41: =AP41 -> GWP | BC41: =BC3 -> Li-Ion battery cell, prismatic, NMC622-C (2021) | BJ41: =AP41 -> GWP | BM41: =BM3 -> Li-Ion battery cell, prismatic, LFP-C (2021)
B42: GWP | L42: =B42 -> GWP | V42: =L42 -> GWP | AF42: =V42 -> GWP | AP42: =AF42 -> GWP | AZ42: =AP42 -> GWP | BJ42: =AP42 -> GWP
F44: Anode | G44: Current coll | H44: 0.43858 | O44: Anode | P44: Current coll | Q44: 0.80498 | Y44: Anode | Z44: Current coll | AA44: 0.40666 | AJ44: Anode | AK44: Current coll | AL44: 0.36198 | AT44: Anode | AU44: Current coll | AV44: 1.02855 | BD44: Anode | BE44: Current coll | BF44: 0.27004 | BM44: Anode | BN44: Current coll | BO44: 0.48919
G45: Act mat | H45: 0.31355 | P45: Act mat | Q45: 0.21339 | Z45: Act mat | AA45: 0.31358 | AK45: Act mat | AL45: 0.27509 | AU45: Act mat | AV45: 0.27266 | BE45: Act mat | BF45: 0.20709 | BN45: Act mat | BO45: 0.23471
G46: Binder | H46: 0.07546 | P46: Binder | Q46: 0.05135 | Z46: Binder | AA46: 0.07546 | AK46: Binder | AL46: 0.0662 | AU46: Binder | AV46: 0.06562 | BE46: Binder | BF46: 0.0159 | BN46: Binder | BO46: 0.01802
G47: other | H47: 0.08735 | P47: other | Q47: 0.06084 | Z47: other | AA47: 0.08529 | AK47: other | AL47: 0.07484 | AP47: cell recycling, dummy | AU47: other | AV47: 0.07772 | BE47: other | BF47: 0.023397706 | BN47: other | BO47: 0.04066
F48: Cathode | G48: Current coll | H48: 0.41321 | O48: Cathode | P48: Current coll | Q48: 0.55975 | Y48: Cathode | Z48: Current coll | AA48: 0.38045 | AJ48: Cathode | AK48: Current coll | AL48: 0.33809 | AT48: Cathode | AU48: Current coll | AV48: 0.9817 | BD48: Cathode | BE48: Current coll | BF48: 0.24879 | BM48: Cathode | BN48: Current coll | BO48: 0.1304
G49: Act mat | H49: 6.3073 | P49: Act mat | Q49: 6.18455 | Z49: Act mat | AA49: 1.42973 | AK49: Act mat | AL49: 2.15937 | AU49: Act mat | AV49: 2.26516 | BE49: Act mat | BF49: 3.204 | BN49: Act mat | BO49: 1.90616
G50: Binder | H50: 0.16038 | P50: Binder | Q50: 0.14277 | Z50: Binder | AA50: 0.22639 | AK50: Binder | AL50: 0.11257 | AU50: Binder | AV50: 0.1404 | BE50: Binder | BF50: 0.07984 | BN50: Binder | BO50: 0.10941
G51: other | H51: 0.07994 | P51: other | Q51: 0.07225 | Z51: other | AA51: 0.0747 | AK51: other | AL51: 0.05637 | AU51: other | AV51: 0.0731 | BE51: other | BF51: 0.04009 | BN51: other | BO51: 0.38188
F52: Electrolyte | H52: 0.82761 | O52: Electrolyte | Q52: 0.82537 | Y52: Electrolyte | AA52: 0.79702 | AJ52: Electrolyte | AL52: 0.70277 | AT52: Electrolyte | AV52: 1.274 | BD52: Electrolyte | BF52: 0.31633 | BM52: Electrolyte | BO52: 0.46928
F53: Separator | H53: 0.0483 | O53: Separator | Q53: 0.06548 | Y53: Separator | AA53: 0.04419 | AJ53: Separator | AL53: 0.03945 | AT53: Separator | AV53: 0.11555 | BD53: Separator | BF53: 0.0287 | BM53: Separator | BO53: 0.05313
F54: Housing | H54: 0.54548 | O54: Housing | Q54: 0.54853 | Y54: Housing | AA54: 0.53169 | AJ54: Housing | AL54: 0.48964 | AT54: Housing (incl tabs) | AV54: 0.73482 | BD54: Housing (incl tabs) | BF54: 0.39249 | BM54: Housing (incl tabs) | BO54: 0.50693
F55: Electricity | H55: 1.24682 | O55: Electricity | Q55: 1.20835 | Y55: Electricity | AA55: 1.09068 | AJ55: Electricity | AL55: 0.93681 | AT55: Electricity | AV55: 1.64026 | BD55: Electricity | BF55: 0.61096 | BM55: Electricity | BO55: 0.89081
F56: Heat | H56: 3.07396 | O56: Heat | Q56: 3.37544 | Y56: Heat | AA56: 2.73565 | AJ56: Heat | AL56: 2.32561 | AT56: Heat | AV56: 5.10919 | BD56: Heat | BF56: 1.58236 | BM56: Heat | BO56: 2.51737
F57: Others | H57: 0.10072 | O57: Others | Q57: 0.0944 | Y57: Others | AA57: 0.09273 | AJ57: Others | AL57: 0.0783 | AT57: Others | AV57: 0.09922 | BD57: Others | BF57: 0.080092294 | BM57: Others | BO57: 0.08702
H59: =L23 -> 158.31754 | I59: =M23 -> 158.47438 | J59: =N23 -> 158.29108 | K59: =O23 -> 158.44307 | L59: =P23 -> 159.43 | M59: =Q23 -> 158.46821 | N59: =R23 -> 157.997
H60: SIB | M60: LIB
F61: per kWh | G61: GWP | H61: NaNMC | I61: NaMVP | J61: NaMMO | K61: NaNMMT | L61: NaPBA | M61: LiNMC | N61: LiFP | R61: Na-NMC(111) | S61: NMO-aqu | T61: NMO | U61: NMMT | V61: NMC(111) | W61: NMC(622) | X61: LFP
F62: Anode | G62: Foil | H62: =H44/H$98*1000 -> 2.7702554 | I62: =Q44/I$98*1000 -> 5.0795593 | J62: =AA44/J$98*1000 -> 2.5690645 | K62: =AL44/K$98*1000 -> 2.284606 | L62: =AV44/L$98*1000 -> 6.4514207 | M62: =BF44/M$98*1000 -> 1.7040642 | N62: =BO44/N$98*1000 -> 3.0961981 | P62: Anode | Q62: Current coll | R62: =H62/H$59/1000 -> 1.7498095e-05 | S62: =I62/I$59*1000 -> 32.052874 | T62: =J62/J$59*1000 -> 16.230001 | U62: =K62/K$59*1000 -> 14.419097 | V62: =L62/L$59*1000 -> 40.465538 | W62: =M62/M$59*1000 -> 10.75335 | X62: =N62/N$59*1000 -> 19.596563
G63: Act mat | H63: =H45/H$98*1000 -> 1.9805134 | I63: =Q45/I$98*1000 -> 1.3465268 | J63: =AA45/J$98*1000 -> 1.9810339 | K63: =AL45/K$98*1000 -> 1.7362072 | L63: =AV45/L$98*1000 -> 1.7102177 | M63: =BF45/M$98*1000 -> 1.3068236 | N63: =BO45/N$98*1000 -> 1.4855346 | Q63: Act mat | R63: =H63/H$59*1000 -> 12.509754 | S63: =I63/I$59*1000 -> 8.4968108 | T63: =J63/J$59*1000 -> 12.515132 | U63: =K63/K$59*1000 -> 10.957924 | V63: =L63/L$59*1000 -> 10.727076 | W63: =M63/M$59*1000 -> 8.246598 | X63: =N63/N$59*1000 -> 9.4022964
G64: Binder | H64: =H46/H$98*1000 -> 0.47663703 | I64: =Q46/I$98*1000 -> 0.32402714 | J64: =AA46/J$98*1000 -> 0.47671668 | K64: =AL46/K$98*1000 -> 0.41781567 | L64: =AV46/L$98*1000 -> 0.41159129 | M64: =BF46/M$98*1000 -> 0.10033558 | N64: =BO46/N$98*1000 -> 0.1140528 | Q64: Binder | R64: =H64/H$59*1000 -> 3.0106395 | S64: =I64/I$59*1000 -> 2.0446658 | T64: =J64/J$59*1000 -> 3.0116458 | U64: =K64/K$59*1000 -> 2.6370081 | V64: =L64/L$59*1000 -> 2.5816427 | W64: =M64/M$59*1000 -> 0.63315905 | X64: =N64/N$59*1000 -> 0.7218669
G65: other | H65: =H47/H$98*1000 -> 0.55173926 | I65: =Q47/I$98*1000 -> 0.38391064 | J65: =AA47/J$98*1000 -> 0.53881746 | K65: =AL47/K$98*1000 -> 0.4723463 | L65: =AV47/L$98*1000 -> 0.48748667 | M65: =BF47/M$98*1000 -> 0.14764921 | N65: =BO47/N$98*1000 -> 0.25734667 | Q65: other | R65: =H65/H$59*1000 -> 3.4850167 | S65: =I65/I$59*1000 -> 2.4225408 | T65: =J65/J$59*1000 -> 3.4039659 | U65: =K65/K$59*1000 -> 2.9811735 | V65: =L65/L$59*1000 -> 3.0576847 | W65: =M65/M$59*1000 -> 0.93172764 | X65: =N65/N$59*1000 -> 1.6288073
F66: Cathode | G66: Foil | H66: =H48/H$98*1000 -> 2.6100078 | I66: =Q48/I$98*1000 -> 3.5321167 | J66: =AA48/J$98*1000 -> 2.4034834 | K66: =AL48/K$98*1000 -> 2.1338263 | L66: =AV48/L$98*1000 -> 6.1575613 | M66: =BF48/M$98*1000 -> 1.5699679 | N66: =BO48/N$98*1000 -> 0.82533215 | P66: Cathode | Q66: Current coll | R66: =H66/H$59*1000 -> 16.485905 | S66: =I66/I$59*1000 -> 22.288251 | T66: =J66/J$59*1000 -> 15.183947 | U66: =K66/K$59*1000 -> 13.467463 | V66: =L66/L$59*1000 -> 38.62235 | W66: =M66/M$59*1000 -> 9.9071472 | X66: =N66/N$59*1000 -> 5.2237205
G67: Act mat | H67: =H49/H$98*1000 -> 39.839554 | I67: =Q49/I$98*1000 -> 39.025551 | J67: =AA49/J$98*1000 -> 9.0322838 | K67: =AL49/K$98*1000 -> 13.62868 | L67: =AV49/L$98*1000 -> 14.207866 | M67: =BF49/M$98*1000 -> 20.218566 | N67: =BO49/N$98*1000 -> 12.064533 | Q67: Act mat | R67: =H67/H$59*1000 -> 251.64334 | S67: =I67/I$59*1000 -> 246.2578 | T67: =J67/J$59*1000 -> 57.061229 | U67: =K67/K$59*1000 -> 86.016257 | V67: =L67/L$59*1000 -> 89.116638 | W67: =M67/M$59*1000 -> 127.58752 | X67: =N67/N$59*1000 -> 76.359257
G68: Binder | H68: =H50/H$98*1000 -> 1.0130274 | I68: =Q50/I$98*1000 -> 0.90090273 | J68: =AA50/J$98*1000 -> 1.4302132 | K68: =AL50/K$98*1000 -> 0.71047599 | L68: =AV50/L$98*1000 -> 0.88063727 | M68: =BF50/M$98*1000 -> 0.50382345 | N68: =BO50/N$98*1000 -> 0.69248152 | Q68: Binder | R68: =H68/H$59*1000 -> 6.3987062 | S68: =I68/I$59*1000 -> 5.6848478 | T68: =J68/J$59*1000 -> 9.0353365 | U68: =K68/K$59*1000 -> 4.4841088 | V68: =L68/L$59*1000 -> 5.523661 | W68: =M68/M$59*1000 -> 3.1793345 | X68: =N68/N$59*1000 -> 4.3828778
G69: other | H69: =H51/H$98*1000 -> 0.50493459 | I69: =Q51/I$98*1000 -> 0.45590966 | J69: =AA51/J$98*1000 -> 0.4719154 | K69: =AL51/K$98*1000 -> 0.35577446 | L69: =AV51/L$98*1000 -> 0.45850844 | M69: =BF51/M$98*1000 -> 0.25298449 | N69: =BO51/N$98*1000 -> 2.417008 | Q69: other | R69: =H69/H$59*1000 -> 3.1893788 | S69: =I69/I$59*1000 -> 2.8768667 | T69: =J69/J$59*1000 -> 2.9813138 | U69: =K69/K$59*1000 -> 2.2454403 | V69: =L69/L$59*1000 -> 2.8759232 | W69: =M69/M$59*1000 -> 1.5964369 | X69: =N69/N$59*1000 -> 15.29781
F70: Electrolyte | H70: =H52/H$98*1000 -> 5.2275321 | I70: =Q52/I$98*1000 -> 5.2082236 | J70: =AA52/J$98*1000 -> 5.0351541 | K70: =AL52/K$98*1000 -> 4.4354731 | L70: =AV52/L$98*1000 -> 7.9909678 | M70: =BF52/M$98*1000 -> 1.9961732 | N70: =BO52/N$98*1000 -> 2.9701831 | P70: Electrolyte | R70: =H70/H$59*1000 -> 33.019287 | S70: =I70/I$59*1000 -> 32.864768 | T70: =J70/J$59*1000 -> 31.809461 | U70: =K70/K$59*1000 -> 27.994112 | V70: =L70/L$59*1000 -> 50.122109 | W70: =M70/M$59*1000 -> 12.596679 | X70: =N70/N$59*1000 -> 18.798984
F71: Separator | H71: =H53/H$98*1000 -> 0.30508307 | I71: =Q53/I$98*1000 -> 0.41318982 | J71: =AA53/J$98*1000 -> 0.27916923 | K71: =AL53/K$98*1000 -> 0.24898532 | L71: =AV53/L$98*1000 -> 0.72476949 | M71: =BF53/M$98*1000 -> 0.18110888 | N71: =BO53/N$98*1000 -> 0.33627222 | P71: Separator | R71: =H71/H$59*1000 -> 1.9270327 | S71: =I71/I$59*1000 -> 2.6072973 | T71: =J71/J$59*1000 -> 1.7636447 | U71: =K71/K$59*1000 -> 1.5714497 | V71: =L71/L$59*1000 -> 4.5460045 | W71: =M71/M$59*1000 -> 1.142872 | X71: =N71/N$59*1000 -> 2.1283456
F72: Housing | H72: =H54/H$98*1000 -> 3.4454806 | I72: =Q54/I$98*1000 -> 3.4613166 | J72: =AA54/J$98*1000 -> 3.3589384 | K72: =AL54/K$98*1000 -> 3.0903212 | L72: =AV54/L$98*1000 -> 4.6090447 | M72: =BF54/M$98*1000 -> 2.4767744 | N72: =BO54/N$98*1000 -> 3.2084787 | P72: Housing | R72: =H72/H$59*1000 -> 21.763102 | S72: =I72/I$59*1000 -> 21.84149 | T72: =J72/J$59*1000 -> 21.22001 | U72: =K72/K$59*1000 -> 19.5043 | V72: =L72/L$59*1000 -> 28.90952 | W72: =M72/M$59*1000 -> 15.629471 | X72: =N72/N$59*1000 -> 20.307214
F73: Electricity | H73: =H55/H$98*1000 -> 7.8754384 | I73: =Q55/I$98*1000 -> 7.6248919 | J73: =AA55/J$98*1000 -> 6.8903439 | K73: =AL55/K$98*1000 -> 5.9125967 | L73: =AV55/L$98*1000 -> 10.288277 | M73: =BF55/M$98*1000 -> 3.8554105 | N73: =BO55/N$98*1000 -> 5.6381452 | P73: Electricity | R73: =H73/H$59*1000 -> 49.744574 | S73: =I73/I$59*1000 -> 48.114351 | T73: =J73/J$59*1000 -> 43.529577 | U73: =K73/K$59*1000 -> 37.316851 | V73: =L73/L$59*1000 -> 64.531625 | W73: =M73/M$59*1000 -> 24.329236 | X73: =N73/N$59*1000 -> 35.685142
F74: Heat | H74: =H56/H$98*1000 -> 19.416421 | I74: =Q56/I$98*1000 -> 21.299595 | J74: =AA56/J$98*1000 -> 17.282401 | K74: =AL56/K$98*1000 -> 14.67789 | L74: =AV56/L$98*1000 -> 32.046604 | M74: =BF56/M$98*1000 -> 9.9853466 | N74: =BO56/N$98*1000 -> 15.933025 | P74: Heat | R74: =H74/H$59*1000 -> 122.64227 | S74: =I74/I$59*1000 -> 134.40403 | T74: =J74/J$59*1000 -> 109.18114 | U74: =K74/K$59*1000 -> 92.638254 | V74: =L74/L$59*1000 -> 201.00736 | W74: =M74/M$59*1000 -> 63.01167 | X74: =N74/N$59*1000 -> 100.84385
F75: Others | H75: =H57/H$98*1000 -> 0.63618979 | I75: =Q57/I$98*1000 -> 0.59567989 | J75: =AA57/J$98*1000 -> 0.58581948 | K75: =AL57/K$98*1000 -> 0.49418379 | L75: =AV57/L$98*1000 -> 0.62234209 | M75: =BF57/M$98*1000 -> 0.50541553 | N75: =BO57/N$98*1000 -> 0.55076997 | P75: Others | R75: =H75/H$59*1000 -> 4.0184417 | S75: =I75/I$59*1000 -> 3.7588403 | T75: =J75/J$59*1000 -> 3.7009 | U75: =K75/K$59*1000 -> 3.118999 | V75: =L75/L$59*1000 -> 3.9035445 | W75: =M75/M$59*1000 -> 3.1893812 | X75: =N75/N$59*1000 -> 3.4859522
B80: ADP | E80: =E41 -> Na-Ion battery cell, prismatic, Na-NMC(111)-HC (2021) | L80: =B80 -> ADP | O80: =O41 -> Na-Ion battery cell, prismatic, NaMVP-HC (2021) | V80: =L80 -> ADP | Y80: =Y41 -> Na-Ion battery cell, prismatic, NaMMO-HC (2021) | AF80: =V80 -> ADP | AI80: =AI41 -> Na-Ion battery cell, prismatic, NaNMMT (2021) | AP80: =AF80 -> ADP | AS80: =AS41 -> Na-Ion battery cell, prismatic, NaPBA-HC (2021) | AZ80: =AP80 -> ADP | BC80: =BC41 -> Li-Ion battery cell, prismatic, NMC622-C (2021) | BJ80: =AP80 -> ADP | BM80: =BM41 -> Li-Ion battery cell, prismatic, LFP-C (2021)
B81: ADP | L81: =B81 -> ADP | V81: =L81 -> ADP | AF81: =V81 -> ADP | AP81: =AF81 -> ADP | AZ81: =AP81 -> ADP | BJ81: =AP81 -> ADP
F83: Anode | G83: Current coll | H83: 4.705479e-06 | J83: Cathode act mat | K83: 0.00491 | O83: Anode | P83: Current coll | Q83: 8.599183e-06 | S83: Cathode act mat | T83: 8.19673e-06 | Y83: Anode | Z83: Current coll | AA83: 4.344192e-06 | AC83: Cathode act mat | AD83: 3.50651e-05 | AJ83: Anode | AK83: Current coll | AL83: 3.8668352e-06 | AN83: Cathode act mat | AO83: 0.00076 | AT83: Anode | AU83: Current coll | AV83: 1.0987392e-05 | BD83: Anode | BE83: Current coll | BF83: 0.0013234652 | BM83: Anode | BN83: Current coll | BO83: 0.0023906238
G84: Act mat | H84: 1.26558e-05 | J84: Co | K84: 0.00376 | P84: Act mat | Q84: 8.6132e-06 | S84: Co | Z84: Act mat | AA84: 1.26572e-05 | AC84: Co | AK84: Act mat | AL84: 1.11035e-05 | AN84: Co | AU84: Act mat | AV84: 1.10053e-05 | BE84: Act mat | BF84: 8.52912e-07 | BN84: Act mat | BO84: 9.66664e-07
G85: Binder | H85: 1.01238e-06 | J85: Ni | K85: 0.00108 | P85: Binder | Q85: 6.89e-07 | S85: Ni | Z85: Binder | AA85: 1.01249e-06 | AC85: Ni | AK85: Binder | AL85: 8.88208e-07 | AN85: Ni | AO85: 0.00066 | AU85: Binder | AV85: 8.80351e-07 | BE85: Binder | BF85: 2.13306e-07 | BN85: Binder | BO85: 2.41754e-07
G86: other | H86: 2.231341e-06 | J86: Mn | K86: 2.2246e-05 | P86: other | Q86: 1.667817e-06 | S86: Mn | T86: 2.24021e-06 | Z86: other | AA86: 2.221718e-06 | AC86: Mn | AD86: 1.4918e-05 | AK86: other | AL86: 1.9504568e-06 | AN86: Mn | AO86: 1.02797e-07 | AP86: cell recycling, dummy | AU86: other | AV86: 2.130957e-06 | BE86: other | BF86: 8.3177693e-07 | BN86: other | BO86: 1.3681943e-06
F87: Cathode | G87: Current coll | H87: 4.412039e-06 | J87: Li | O87: Cathode | P87: Current coll | Q87: 5.979508e-06 | S87: Li | Y87: Cathode | Z87: Current coll | AA87: 4.064156e-06 | AC87: Li | AJ87: Cathode | AK87: Current coll | AL87: 3.6116381e-06 | AN87: Li | AT87: Cathode | AU87: Current coll | AV87: 1.048702e-05 | BD87: Cathode | BE87: Current coll | BF87: 2.6577331e-06 | BM87: Cathode | BN87: Current coll | BO87: 4.879364e-06
G88: Act mat | H88: 0.00491 | J88: Na | K88: 2.529232e-05 | P88: Act mat | Q88: 0.00042 | S88: Na | T88: 5.42962e-08 | Z88: Act mat | AA88: 3.50651e-05 | AC88: Na | AD88: 7.37504e-06 | AK88: Act mat | AL88: 0.00076 | AN88: Na | AO88: 1.603949e-05 | AU88: Act mat | AV88: 6.47105e-05 | BE88: Act mat | BF88: 0.00263 | BN88: Act mat | BO88: 0.00103
G89: Binder | H89: 4.59879e-05 | J89: Fe | P89: Binder | Q89: 4.09368e-05 | S89: Fe | Z89: Binder | AA89: 6.49164e-05 | AC89: Fe | AK89: Binder | AL89: 3.22788e-05 | AN89: Fe | AU89: Binder | AV89: 4.0259e-05 | BE89: Binder | BF89: 2.28936e-05 | BN89: Binder | BO89: 3.13711e-05
G90: other | H90: -3.99939e-07 | J90: Other | K90: 2.246168e-05 | P90: other | Q90: 3.083692e-06 | S90: Other | T90: 5.9022238e-06 | Z90: other | AA90: 5.954344e-06 | AC90: Other | AD90: 1.277206e-05 | AK90: other | AL90: 1.96939e-06 | AN90: Other | AO90: 8.3857713e-05 | AU90: other | AV90: 4.54348e-06 | BE90: other | BF90: 1.4022313e-06 | BN90: other | BO90: 1.9556251e-06
F91: Electrolyte | H91: 0.00068 | O91: Electrolyte | Q91: 0.00068 | Y91: Electrolyte | AA91: 0.00065 | AJ91: Electrolyte | AL91: 0.00058 | AT91: Electrolyte | AV91: 0.00105 | BD91: Electrolyte | BF91: 0.00026 | BM91: Electrolyte | BO91: 0.00039
F92: Separator | H92: 1.03502e-05 | O92: Separator | Q92: 1.4033e-05 | Y92: Separator | AA92: 9.46945e-06 | AJ92: Separator | AL92: 8.45405e-06 | AT92: Separator | AV92: 2.47623e-05 | BD92: Separator | BF92: 6.14944e-06 | BM92: Separator | BO92: 1.13854e-05
F93: Housing | H93: 6.88053e-06 | O93: Housing | Q93: 6.9204e-06 | Y93: Housing | AA93: 6.7013e-06 | AJ93: Housing | AL93: 6.15738e-06 | AT93: Housing (incl tabs) | AV93: 9.35822e-06 | BD93: Housing (incl tabs) | BF93: 0.00075315557 | BM93: Housing (incl tabs) | BO93: 0.00095415972
F94: Electricity | H94: 9.40478e-06 | O94: Electricity | Q94: 9.11462e-06 | Y94: Electricity | AA94: 8.22706e-06 | AJ94: Electricity | AL94: 7.06639e-06 | AT94: Electricity | AV94: 1.23726e-05 | BD94: Electricity | BF94: 4.60851e-06 | BM94: Electricity | BO94: 6.71942e-06
F95: Heat | H95: 1.04811e-05 | O95: Heat | Q95: 1.1509e-05 | Y95: Heat | AA95: 9.32757e-06 | AJ95: Heat | AL95: 7.92947e-06 | AT95: Heat | AV95: 1.74204e-05 | BD95: Heat | BF95: 5.39526e-06 | BM95: Heat | BO95: 8.58329e-06
F96: Others | H96: 3.227839e-05 | O96: Others | Q96: 2.885378e-05 | Y96: Others | AA96: 2.603902e-05 | AJ96: Others | AL96: 1.4723882e-05 | AT96: Others | AV96: 2.108248e-05 | BD96: Others | BF96: 1.8374461e-05 | BM96: Others | BO96: 2.7745669e-05
H98: =L23 -> 158.31754 | I98: =M23 -> 158.47438 | J98: =N23 -> 158.29108 | K98: =O23 -> 158.44307 | L98: =P23 -> 159.43 | M98: =Q23 -> 158.46821 | N98: =R23 -> 157.997
H99: SIB | M99: LIB
F100: per kWh | G100: ADP | H100: =H61 -> NaNMC | I100: =I61 -> NaMVP | J100: =J61 -> NaMMO | K100: =K61 -> NaNMMT | L100: =L61 -> NaPBA | M100: =M61 -> LiNMC | N100: =N61 -> LiFP
F101: Anode | G101: Foil | H101: =H83/H$98*1000 -> 2.972178e-05 | I101: =Q83/I$98*1000 -> 5.4262292e-05 | J101: =AA83/J$98*1000 -> 2.7444325e-05 | K101: =AL83/K$98*1000 -> 2.4405202e-05 | L101: =AV83/L$98*1000 -> 6.8916716e-05 | M101: =BF83/M$98*1000 -> 0.0083516132 | N101: =BO83/N$98*1000 -> 0.015130818
G102: Act mat | H102: =H84/H$98*1000 -> 7.9939344e-05 | I102: =Q84/I$98*1000 -> 5.4350742e-05 | J102: =AA84/J$98*1000 -> 7.9961547e-05 | K102: =AL84/K$98*1000 -> 7.0078796e-05 | L102: =AV84/L$98*1000 -> 6.9029041e-05 | M102: =BF84/M$98*1000 -> 5.3822278e-06 | N102: =BO84/N$98*1000 -> 6.1182429e-06
G103: Binder | H103: =H85/H$98*1000 -> 6.394617e-06 | I103: =Q85/I$98*1000 -> 4.347706e-06 | J103: =AA85/J$98*1000 -> 6.3963805e-06 | K103: =AL85/K$98*1000 -> 5.6058493e-06 | L103: =AV85/L$98*1000 -> 5.5218654e-06 | M103: =BF85/M$98*1000 -> 1.3460492e-06 | N103: =BO85/N$98*1000 -> 1.5301177e-06
G104: other | H104: =H86/H$98*1000 -> 1.4094086e-05 | I104: =Q86/I$98*1000 -> 1.0524206e-05 | J104: =AA86/J$98*1000 -> 1.4035648e-05 | K104: =AL86/K$98*1000 -> 1.2310142e-05 | L104: =AV86/L$98*1000 -> 1.3366098e-05 | M104: =BF86/M$98*1000 -> 5.2488568e-06 | N104: =BO86/N$98*1000 -> 8.6596224e-06
F105: Cathode | G105: Foil | H105: =H87/H$98*1000 -> 2.786829e-05 | I105: =Q87/I$98*1000 -> 3.7731702e-05 | J105: =AA87/J$98*1000 -> 2.5675205e-05 | K105: =AL87/K$98*1000 -> 2.2794547e-05 | L105: =AV87/L$98*1000 -> 6.577821e-05 | M105: =BF87/M$98*1000 -> 1.6771396e-05 | N105: =BO87/N$98*1000 -> 3.0882638e-05
G106: Act mat | H106: =H88/H$98*1000 -> 0.031013621 | I106: =Q88/I$98*1000 -> 0.0026502707 | J106: =AA88/J$98*1000 -> 0.0002215229 | K106: =AL88/K$98*1000 -> 0.0047966754 | L106: =AV88/L$98*1000 -> 0.0004058866 | M106: =BF88/M$98*1000 -> 0.016596389 | N106: =BO88/N$98*1000 -> 0.0065191113
G107: Binder | H107: =H89/H$98*1000 -> 0.00029047888 | I107: =Q89/I$98*1000 -> 0.0002583181 | J107: =AA89/J$98*1000 -> 0.00041010775 | K107: =AL89/K$98*1000 -> 0.0002037249 | L107: =AV89/L$98*1000 -> 0.00025251835 | M107: =BF89/M$98*1000 -> 0.00014446809 | N107: =BO89/N$98*1000 -> 0.00019855504
G108: other | H108: =H90/H$98*1000 -> -2.5261826e-06 | I108: =Q90/I$98*1000 -> 1.9458616e-05 | J108: =AA90/J$98*1000 -> 3.7616421e-05 | K108: =AL90/K$98*1000 -> 1.2429637e-05 | L108: =AV90/L$98*1000 -> 2.8498275e-05 | M108: =BF90/M$98*1000 -> 8.8486597e-06 | N108: =BO90/N$98*1000 -> 1.2377609e-05
F109: Electrolyte | H109: =H91/H$98*1000 -> 0.0042951654 | I109: =Q91/I$98*1000 -> 0.0042909144 | J109: =AA91/J$98*1000 -> 0.0041063589 | K109: =AL91/K$98*1000 -> 0.0036606207 | L109: =AV91/L$98*1000 -> 0.0065859625 | M109: =BF91/M$98*1000 -> 0.0016407076 | N109: =BO91/N$98*1000 -> 0.0024684014
...

Sheet Recycling
B1: HYDROMETALLURGICAL RECYCLING | L1: =B1 -> HYDROMETALLURGICAL RECYCLING | V1: =L1 -> HYDROMETALLURGICAL RECYCLING | AF1: =V1 -> HYDROMETALLURGICAL RECYCLING | AP1: =AF1 -> HYDROMETALLURGICAL RECYCLING | AZ1: =AP1 -> HYDROMETALLURGICAL RECYCLING | BJ1: =AZ1 -> HYDROMETALLURGICAL RECYCLING
B2: Na-Ion battery cell, prismatic, Na-NMC(111)-HC (2021) | L2: Na-Ion battery cell, prismatic, NMO-HC, aqueous electrolyte (2021) | V2: Recycling of Na-Ion battery cell, prismatic, NMO-HC (2021) | AF2: Na-Ion battery cell, prismatic, NMMT - NaNiMnMgTiO-HC (2021) | AP2: Li-Ion battery cell, prismatic, NMC111-C (2021) | AZ2: Li-Ion battery cell, prismatic, NMC622-C (2021) | BJ2: Li-Ion battery cell, prismatic, LFP-C (2021)
B4: Impact analysis | E4: =B2 -> Na-Ion battery cell, prismatic, Na-NMC(111)-HC (2021) | L4: =B4 -> Impact analysis | O4: =L2 -> Na-Ion battery cell, prismatic, NMO-HC, aqueous electrolyte (2021) | V4: =L4 -> Impact analysis | Y4: =V2 -> Recycling of Na-Ion battery cell, prismatic, NMO-HC (2021) | AF4: =V4 -> Impact analysis | AI4: =AF2 -> Na-Ion battery cell, prismatic, NMMT - NaNiMnMgTiO-HC (2021) | AP4: =AF4 -> Impact analysis | AS4: =AP2 -> Li-Ion battery cell, prismatic, NMC111-C (2021) | AZ4: =AP4 -> Impact analysis | BC4: =AZ2 -> Li-Ion battery cell, prismatic, NMC622-C (2021) | BJ4: =AP4 -> Impact analysis | BM4: =BJ2 -> Li-Ion battery cell, prismatic, LFP-C (2021)
AP5: Name | AQ5: Category | AR5: Inventory result | AS5: Unit | AT5: Impact factor | AU5: Unit | AV5: Impact result | AW5: Unit
AP6: Acidification | AV6: -0.10025 | AW6: molc H+ eq
AP7: Climate change | AV7: -6.90694 | AW7: kg CO2 eq
AP8: Freshwater ecotoxicity | AV8: -1505.3684 | AW8: CTUe
AP9: Freshwater eutrophication | AV9: -0.00717 | AW9: kg P eq
AP10: Human toxicity, cancer effects | AV10: -5.46639e-06 | AW10: CTUh
AP11: Human toxicity, non-cancer effects | AV11: -1.88736e-05 | AW11: CTUh
AP12: Ionizing radiation E (interim) | AV12: -1.97621e-05 | AW12: CTUe
AP13: Ionizing radiation HH | AV13: -2.76897 | AW13: kBq U235 eq
AP14: Land use | AV14: -5.57033 | AW14: kg C deficit
AP15: Marine eutrophication | AV15: -0.0151 | AW15: kg N eq
AP16: Mineral, fossil & ren resource depletion | AV16: -0.00792 | AW16: kg Sb eq
AP17: Ozone depletion | AV17: -6.90727e-07 | AW17: kg CFC-11 eq
... AP21: Water resource depletion | AV21: -11.64072 | AW21: m3 water eq
B40: Contribution tree | E40: =E4 -> Na-Ion battery cell, prismatic, Na-NMC(111)-HC (2021) | L40: =B40 -> Contribution tree | O40: =O4 -> Na-Ion battery cell, prismatic, NMO-HC, aqueous electrolyte (2021) | V40: =L40 -> Contribution tree | Y40: =Y4 -> Recycling of Na-Ion battery cell, prismatic, NMO-HC (2021) | AF40: =V40 -> Contribution tree | AI40: =AI4 -> Na-Ion battery cell, prismatic, NMMT - NaNiMnMgTiO-HC (2021) | AP40: =AF40 -> Contribution tree | AS40: =AS4 -> Li-Ion battery cell, prismatic, NMC111-C (2021) | AZ40: =AP40 -> Contribution tree | BC40: =BC4 -> Li-Ion battery cell, prismatic, NMC622-C (2021) | BJ40: =AP40 -> Contribution tree | BM40: =BM4 -> Li-Ion battery cell, prismatic, LFP-C (2021)
B41: GWP | L41: =B41 -> GWP | V41: =L41 -> GWP | AF41: =V41 -> GWP | AP41: =AF41 -> GWP | AZ41: =AP41 -> GWP | BJ41: =AP41 -> GWP
AP42: Contribution | AS42: Process | AT42: Amount | AU42: Unit
AQ43: 1 | AS43: Treatment of Li-Ion battery cell, NMC111-C prismatic, hydrometallurgical treatment - RER | AT43: -6.90694 | AU43: kg CO2 eq
AR44: -0.0264 | AS44: market for lime, hydrated, packed | lime, hydrated, packed | Cutoff, U - RER | AT44: 0.18226 | AU44: kg CO2 eq
AR45: -0.0144 | AS45: market for sulfuric acid | sulfuric acid | Cutoff, U - RoW | AT45: 0.09925 | AU45: kg CO2 eq
AR46: -0.0095 | AS46: market group for waste plastic, mixture | waste plastic, mixture | Cutoff, U - Europe without Switzerland | AT46: 0.06577 | AU46: kg CO2 eq
AR47: -0.0087 | AS47: market group for electricity, medium voltage | electricity, medium voltage | Cutoff, U - Europe without Switzerland | AT47: 0.06034 | AU47: kg CO2 eq
AR48: -0.0078 | AS48: market for chemical factory, organics | chemical factory, organics | Cutoff, U - GLO | AT48: 0.0536 | AU48: kg CO2 eq
AR49: -0.0069 | AS49: market for chemicals, inorganic | chemical, inorganic | Cutoff, U - GLO | AT49: 0.04764 | AU49: kg CO2 eq
AR50: -0.0002 | AS50: market for inert waste, for final disposal | inert waste, for final disposal | Cutoff, U - RoW | AT50: 0.00167 | AU50: kg CO2 eq
AR51: 0 | AS51: market for wastewater, average | wastewater, average | Cutoff, U - Europe without Switzerland | AT51: 0.00023 | AU51: kg CO2 eq
AR52: 0.0005 | AS52: treatment of waste gypsum, sanitary landfill | waste gypsum | Cutoff, U - Europe without Switzerland | AT52: -0.00314 | AU52: kg CO2 eq
AR53: 0.0207 | AS53: market for manganese sulfate | manganese sulfate | Cutoff, U - GLO | AT53: -0.14314 | AU53: kg CO2 eq
AR54: 0.0704 | AS54: market for aluminium, wrought alloy | aluminium, wrought alloy | Cutoff, U - GLO | AT54: -0.48591 | AU54: kg CO2 eq
AR55: 0.0903 | AS55: market for copper, cathode | copper, cathode | Cutoff, U - GLO | AT55: -0.62378 | AU55: kg CO2 eq
... AR58: 0.5207 | AS58: market for cobalt carbonate | cobalt carbonate | Cutoff, U - GLO | AT58: -3.59622 | AU58: kg CO2 eq
AP62: RDP
AP63: Contribution | AS63: Process | AT63: Amount | AU63: Unit
AQ64: 1 | AS64: Treatment of Li-Ion battery cell, NMC111-C prismatic, hydrometallurgical treatment - RER | AT64: -0.00792 | AU64: kg Sb eq
AR65: -0.0085 | AS65: market for sulfuric acid | sulfuric acid | Cutoff, U - RoW | AT65: 6.72104e-05 | AU65: kg Sb eq
AR66: -0.0028 | AS66: market for chemical factory, organics | chemical factory, organics | Cutoff, U - GLO | AT66: 2.24188e-05 | AU66: kg Sb eq
AR67: -0.0019 | AS67: market for chemicals, inorganic | chemical, inorganic | Cutoff, U - GLO | AT67: 1.53827e-05 | AU67: kg Sb eq
AR68: -0.0001 | AS68: market group for electricity, medium voltage | electricity, medium voltage | Cutoff, U - Europe without Switzerland | AT68: 4.55162e-07 | AU68: kg Sb eq
AR69: 0 | AS69: market for lime, hydrated, packed | lime, hydrated, packed | Cutoff, U - RER | AT69: 3.06782e-07 | AU69: kg Sb eq
AR70: 0 | AS70: market group for waste plastic, mixture | waste plastic, mixture | Cutoff, U - Europe without Switzerland | AT70: 3.73401e-08 | AU70: kg Sb eq
AR71: 0 | AS71: market for inert waste, for final disposal | inert waste, for final disposal | Cutoff, U - RoW | AT71: 2.20216e-08 | AU71: kg Sb eq
AR72: 0 | AS72: market for wastewater, average | wastewater, average | Cutoff, U - Europe without Switzerland | AT72: 4.96029e-09 | AU72: kg Sb eq
AR73: 0 | AS73: treatment of waste gypsum, sanitary landfill | waste gypsum | Cutoff, U - Europe without Switzerland | AT73: -3.80005e-08 | AU73: kg Sb eq
AR74: 0.0007 | AS74: market for aluminium, wrought alloy | aluminium, wrought alloy | Cutoff, U - GLO | AT74: -5.30944e-06 | AU74: kg Sb eq
AR75: 0.002 | AS75: market for manganese sulfate | manganese sulfate | Cutoff, U - GLO | AT75: -1.60608e-05 | AU75: kg Sb eq
AR76: 0.0977 | AS76: market for nickel sulfate | nickel sulfate | Cutoff, U - GLO | AT76: -0.00077 | AU76: kg Sb eq
... AR79: 0.4421 | AS79: market for cobalt carbonate | cobalt carbonate | Cutoff, U - GLO | AT79: -0.0035 | AU79: kg Sb eq
O80: Wh/kg
B81: Production impacts: | D81: Wh/cell | E81: =Production!L23 -> 158.31754 | F81: =Production!M23 -> 158.47438 | G81: =Production!N23 -> 158.29108 | H81: =Production!O23 -> 158.44307 | I81: =Production!P23 -> 159.43 | J81: =Production!Q23 -> 158.46821 | K81: =Production!R23 -> 157.997 | M81: Recycling impacts: | O81: =D81 -> Wh/cell | P81: =E81 -> 158.31754 | Q81: =F81 -> 158.47438 | R81: =G81 -> 158.29108 | S81: =H81 -> 158.44307 | T81: =I81 -> 159.43 | U81: =J81 -> 158.46821 | V81: =K81 -> 157.997 | X81: Net impacts | AH81: Re-ordered for graph | AJ81: =E82 -> NaNMC | AM81: =F82 -> NaMVP | AP81: =G82 -> NaMMO | AS81: =H82 -> NaNMMT | AV81: =I82 -> NaPBA | AY81: =J82 -> LiNMC | BB81: =K82 -> LiFP
D82: =Production!K24 -> per cell | E82: =Production!L24 -> NaNMC | F82: =Production!M24 -> NaMVP | G82: =Production!N24 -> NaMMO | H82: =Production!O24 -> NaNMMT | I82: =Production!P24 -> NaPBA | J82: =Production!Q24 -> LiNMC | K82: =Production!R24 -> LiFP | O82: per kg | P82: =E82 -> NaNMC | Q82: =F82 -> NaMVP | R82: =G82 -> NaMMO | S82: =H82 -> NaNMMT | T82: =I82 -> NaPBA | U82: =J82 -> LiNMC | V82: =K82 -> LiFP | Y82: =O82 -> per kg | Z82: =P82 -> NaNMC | AA82: =Q82 -> NaMVP | AB82: =R82 -> NaMMO | AC82: =S82 -> NaNMMT | AD82: =T82 -> NaPBA | AE82: =U82 -> LiNMC | AF82: =V82 -> LiFP | AI82: per kg | AJ82: Prod | AK82: Rec | AL82: Net | AM82: Prod | AN82: Rec | AO82: Net | AP82: Prod | AQ82: Rec | AR82: Net | AS82: Prod | AT82: Rec | AU82: Net | AV82: Prod | AW82: Rec | AX82: Net | AY82: Prod | AZ82: Rec | BA82: Net | BB82: Prod | BC82: Rec | BD82: Net
D83: =Production!K25 -> AP | E83: =Production!L25 -> 0.15678 | F83: =Production!M25 -> 0.13554 | G83: =Production!N25 -> 0.07892 | H83: =Production!O25 -> 0.08394 | I83: =Production!P25 -> 0.09139 | J83: =Production!Q25 -> 0.07144 | K83: =Production!R25 -> 0.05301 | L83: =Production!S25 -> molc H+ eq | O83: =D83 -> AP | T83: =AV6 -> -0.10025 | Y83: =O83 -> AP | Z83: =E83+P83 -> 0.15678 | AA83: =F83+Q83 -> 0.13554 | AB83: =G83+R83 -> 0.07892 | AC83: =H83+S83 -> 0.08394 | AD83: =I83+T83 -> -0.00886 | AE83: =J83+U83 -> 0.07144 | AF83: =K83+V83 -> 0.05301 | AI83: =Y83 -> AP | AJ83: =E83 -> 0.15678 | AK83: =P83 -> 0 | AL83: =AJ83+AK83 -> 0.15678 | AM83: =F83 -> 0.13554 | AN83: =Q83 -> 0 | AO83: =AM83+AN83 -> 0.13554 | AP83: =G83 -> 0.07892 | AQ83: =R83 -> 0 | AR83: =AP83+AQ83 -> 0.07892 | AS83: =H83 -> 0.08394 | AT83: =S83 -> 0 | AU83: =AS83+AT83 -> 0.08394 | AV83: =I83 -> 0.09139 | AW83: =T83 -> -0.10025 | AX83: =AV83+AW83 -> -0.00886 | AY83: =J83 -> 0.07144 | AZ83: =U83 -> 0 | BA83: =AY83+AZ83 -> 0.07144 | BB83: =K83 -> 0.05301 | BC83: =V83 -> 0 | BD83: =BB83+BC83 -> 0.05301
D84: =Production!K26 -> GWP | E84: =Production!L26 -> 13.71866 | F84: =Production!M26 -> 14.20745 | G84: =Production!N26 -> 8.28422 | H84: =Production!O26 -> 8.01709 | I84: =Production!P26 -> 13.87795 | J84: =Production!Q26 -> 7.10008 | K84: =Production!R26 -> 7.83497 | L84: =Production!S26 -> kg CO2 eq | O84: =D84 -> GWP | T84: =AV7 -> -6.90694 | Y84: =O84 -> GWP | Z84: =E84+P84 -> 13.71866 | AA84: =F84+Q84 -> 14.20745 | AB84: =G84+R84 -> 8.28422 | AC84: =H84+S84 -> 8.01709 | AD84: =I84+T84 -> 6.97101 | AE84: =J84+U84 -> 7.10008 | AF84: =K84+V84 -> 7.83497 | AI84: =Y84 -> GWP | AJ84: =E84 -> 13.71866 | AK84: =P84 -> 0 | AL84: =AJ84+AK84 -> 13.71866 | AM84: =F84 -> 14.20745 | AN84: =Q84 -> 0 | AO84: =AM84+AN84 -> 14.20745 | AP84: =G84 -> 8.28422 | AQ84: =R84 -> 0 | AR84: =AP84+AQ84 -> 8.28422 | AS84: =H84 -> 8.01709 | AT84: =S84 -> 0 | AU84: =AS84+AT84 -> 8.01709 | AV84: =I84 -> 13.87795 | AW84: =T84 -> -6.90694 | AX84: =AV84+AW84 -> 6.97101 | AY84: =J84 -> 7.10008 | AZ84: =U84 -> 0 | BA84: =AY84+AZ84 -> 7.10008 | BB84: =K84 -> 7.83497 | BC84: =V84 -> 0 | BD84: =BB84+BC84 -> 7.83497
D85: =Production!K27 -> Htox | E85: =Production!L27 -> 0.01834956 | F85: =Production!M27 -> 0.0276206 | G85: =Production!N27 -> 0.002749595 | H85: =Production!O27 -> 0.00466717 | I85: =Production!P27 -> 0.0043253 | J85: =Production!Q27 -> 0.01648859 | K85: =Production!R27 -> 0.01577686 | L85: =Production!S27 -> mCTUh | O85: =D85 -> Htox | T85: =(AV10+AV11)*1000 -> -0.02433999 | W85: =L85 -> mCTUh | Y85: =O85 -> Htox | Z85: =E85+P85 -> 0.01834956 | AA85: =F85+Q85 -> 0.0276206 | AB85: =G85+R85 -> 0.002749595 | AC85: =H85+S85 -> 0.00466717 | AD85: =I85+T85 -> -0.02001469 | AE85: =J85+U85 -> 0.01648859 | AF85: =K85+V85 -> 0.01577686 | AG85: =W85 -> mCTUh | AI85: =Y85 -> Htox | AJ85: =E85 -> 0.01834956 | AK85: =P85 -> 0 | AL85: =AJ85+AK85 -> 0.01834956 | AM85: =F85 -> 0.0276206 | AN85: =Q85 -> 0 | AO85: =AM85+AN85 -> 0.0276206 | AP85: =G85 -> 0.002749595 | AQ85: =R85 -> 0 | AR85: =AP85+AQ85 -> 0.002749595 | AS85: =H85 -> 0.00466717 | AT85: =S85 -> 0 | AU85: =AS85+AT85 -> 0.00466717 | AV85: =I85 -> 0.0043253 | AW85: =T85 -> -0.02433999 | AX85: =AV85+AW85 -> -0.02001469 | AY85: =J85 -> 0.01648859 | AZ85: =U85 -> 0 | BA85: =AY85+AZ85 -> 0.01648859 | BB85: =K85 -> 0.01577686 | BC85: =V85 -> 0 | BD85: =BB85+BC85 -> 0.01577686
D86: =Production!K28 -> RDP | E86: =Production!L28 -> 0.00573 | F86: =Production!M28 -> 0.00124 | G86: =Production!N28 -> 0.00084 | H86: =Production!O28 -> 0.00144 | I86: =Production!P28 -> 0.00128 | J86: =Production!Q28 -> 0.00503 | K86: =Production!R28 -> 0.00486 | L86: =Production!S28 -> kg Sb eq | O86: =D86 -> RDP | T86: =AV16 -> -0.00792 | Y86: =O86 -> RDP | Z86: =E86+P86 -> 0.00573 | AA86: =F86+Q86 -> 0.00124 | AB86: =G86+R86 -> 0.00084 | AC86: =H86+S86 -> 0.00144 | AD86: =I86+T86 -> -0.00664 | AE86: =J86+U86 -> 0.00503 | AF86: =K86+V86 -> 0.00486 | AI86: =Y86 -> RDP | AJ86: =E86 -> 0.00573 | AK86: =P86 -> 0 | AL86: =AJ86+AK86 -> 0.00573 | AM86: =F86 -> 0.00124 | AN86: =Q86 -> 0 | AO86: =AM86+AN86 -> 0.00124 | AP86: =G86 -> 0.00084 | AQ86: =R86 -> 0 | AR86: =AP86+AQ86 -> 0.00084 | AS86: =H86 -> 0.00144 | AT86: =S86 -> 0 | AU86: =AS86+AT86 -> 0.00144 | AV86: =I86 -> 0.00128 | AW86: =T86 -> -0.00792 | AX86: =AV86+AW86 -> -0.00664 | AY86: =J86 -> 0.00503 | AZ86: =U86 -> 0 | BA86: =AY86+AZ86 -> 0.00503 | BB86: =K86 -> 0.00486 | BC86: =V86 -> 0 | BD86: =BB86+BC86 -> 0.00486
D87: =Production!K29 -> ODP | E87: =Production!L29 -> 1.8274e-06 | F87: =Production!M29 -> 1.23342e-06 | G87: =Production!N29 -> 7.39456e-07 | H87: =Production!O29 -> 7.37173e-07 | I87: =Production!P29 -> 1.41684e-06 | J87: =Production!Q29 -> 7.8499e-07 | K87: =Production!R29 -> 6.17554e-07 | L87: =Production!S29 -> kg CFC-11 eq | O87: =D87 -> ODP | T87: =AV17 -> -6.90727e-07 | Y87: =O87 -> ODP | Z87: =E87+P87 -> 1.8274e-06 | AA87: =F87+Q87 -> 1.23342e-06 | AB87: =G87+R87 -> 7.39456e-07 | AC87: =H87+S87 -> 7.37173e-07 | AD87: =I87+T87 -> 7.26113e-07 | AE87: =J87+U87 -> 7.8499e-07 | AF87: =K87+V87 -> 6.17554e-07 | AI87: =Y87 -> ODP | AJ87: =E87 -> 1.8274e-06 | AK87: =P87 -> 0 | AL87: =AJ87+AK87 -> 1.8274e-06 | AM87: =F87 -> 1.23342e-06 | AN87: =Q87 -> 0 | AO87: =AM87+AN87 -> 1.23342e-06 | AP87: =G87 -> 7.39456e-07 | AQ87: =R87 -> 0 | AR87: =AP87+AQ87 -> 7.39456e-07 | AS87: =H87 -> 7.37173e-07 | AT87: =S87 -> 0 | AU87: =AS87+AT87 -> 7.37173e-07 | AV87: =I87 -> 1.41684e-06 | AW87: =T87 -> -6.90727e-07 | AX87: =AV87+AW87 -> 7.26113e-07 | AY87: =J87 -> 7.8499e-07 | AZ87: =U87 -> 0 | BA87: =AY87+AZ87 -> 7.8499e-07 | BB87: =K87 -> 6.17554e-07 | BC87: =V87 -> 0 | BD87: =BB87+BC87 -> 6.17554e-07
D88: =Production!K30 -> PMF | E88: =Production!L30 -> 0.01158 | F88: =Production!M30 -> 0.0106 | G88: =Production!N30 -> 0.00658 | H88: =Production!O30 -> 0.00562 | I88: =Production!P30 -> 0.00758 | J88: =Production!Q30 -> 0.00646 | K88: =Production!R30 -> 0.00557 | L88: =Production!S30 -> kg PM2.5 eq | O88: =D88 -> PMF | T88: =AV18 -> -0.00846 | Y88: =O88 -> PMF | Z88: =E88+P88 -> 0.01158 | AA88: =F88+Q88 -> 0.0106 | AB88: =G88+R88 -> 0.00658 | AC88: =H88+S88 -> 0.00562 | AD88: =I88+T88 -> -0.00088 | AE88: =J88+U88 -> 0.00646 | AF88: =K88+V88 -> 0.00557 | AI88: =Y88 -> PMF | AJ88: =E88 -> 0.01158 | AK88: =P88 -> 0 | AL88: =AJ88+AK88 -> 0.01158 | AM88: =F88 -> 0.0106 | AN88: =Q88 -> 0 | AO88: =AM88+AN88 -> 0.0106 | AP88: =G88 -> 0.00658 | AQ88: =R88 -> 0 | AR88: =AP88+AQ88 -> 0.00658 | AS88: =H88 -> 0.00562 | AT88: =S88 -> 0 | AU88: =AS88+AT88 -> 0.00562 | AV88: =I88 -> 0.00758 | AW88: =T88 -> -0.00846 | AX88: =AV88+AW88 -> -0.00088 | AY88: =J88 -> 0.00646 | AZ88: =U88 -> 0 | BA88: =AY88+AZ88 -> 0.00646 | BB88: =K88 -> 0.00557 | BC88: =V88 -> 0 | BD88: =BB88+BC88 -> 0.00557
AJ89: =E90 -> NaNMC | AM89: =F90 -> NaMVP | AP89: =G90 -> NaMMO | AS89: =H90 -> NaNMMT | AV89: =I90 -> NaPBA | AY89: =J90 -> LiNMC | BB89: =K90 -> LiFP
D90: =Production!K32 -> per kWh | E90: =Production!L32 -> NaNMC | F90: =Production!M32 -> NaMVP | G90: =Production!N32 -> NaMMO | H90: =Production!O32 -> NaNMMT | I90: =Production!P32 -> NaPBA | J90: =Production!Q32 -> LiNMC | K90: =Production!R32 -> LiFP | O90: =D90 -> per kWh | P90: =E90 -> NaNMC | Q90: =F90 -> NaMVP | R90: =G90 -> NaMMO | S90: =H90 -> NaNMMT | T90: =I90 -> NaPBA | U90: =J90 -> LiNMC | V90: =K90 -> LiFP | Y90: =O90 -> per kWh | Z90: =P90 -> NaNMC | AA90: =Q90 -> NaMVP | AB90: =R90 -> NaMMO | AC90: =S90 -> NaNMMT | AD90: =T90 -> NaPBA | AE90: =U90 -> LiNMC | AF90: =V90 -> LiFP | AI90: per kWh | AJ90: Prod | AK90: Rec | AL90: Net | AM90: Prod | AN90: Rec | AO90: Net | AP90: Prod | AQ90: Rec | AR90: Net | AS90: Prod | AT90: Rec | AU90: Net | AV90: Prod | AW90: Rec | AX90: Net | AY90: Prod | AZ90: Rec | BA90: Net | BB90: Prod | BC90: Rec | BD90: Net
D91: =Production!K33 -> AP | E91: =Production!L33 -> 0.99028828 | F91: =Production!M33 -> 0.85528021 | G91: =Production!N33 -> 0.49857514 | H91: =Production!O33 -> 0.52978018 | I91: =Production!P33 -> 0.57322963 | J91: =Production!Q33 -> 0.45081597 | K91: =Production!R33 -> 0.33551271 | L91: =Production!S33 -> molc H+ eq | O91: =D91 -> AP | P91: =P83/P$80*1000 -> #DIV/0! | Q91: =Q83/Q$80*1000 -> #DIV/0! | R91: =R83/R$80*1000 -> #DIV/0! | S91: =S83/S$80*1000 -> #DIV/0! | T91: =T83/T$80*1000 -> #DIV/0! | U91: =U83/U$80*1000 -> #DIV/0! | V91: =V83/V$80*1000 -> #DIV/0! | Y91: =O91 -> AP | Z91: =E91+P91 -> #DIV/0! | AA91: =F91+Q91 -> #DIV/0! | AB91: =G91+R91 -> #DIV/0! | AC91: =H91+S91 -> #DIV/0! | AD91: =I91+T91 -> #DIV/0! | AE91: =J91+U91 -> #DIV/0! | AF91: =K91+V91 -> #DIV/0! | AI91: =Y91 -> AP | AJ91: =E91 -> 0.99028828 | AK91: =P91 -> #DIV/0! | AL91: =AJ91+AK91 -> #DIV/0! | AM91: =F91 -> 0.85528021 | AN91: =Q91 -> #DIV/0! | AO91: =AM91+AN91 -> #DIV/0! | AP91: =G91 -> 0.49857514 | AQ91: =R91 -> #DIV/0! | AR91: =AP91+AQ91 -> #DIV/0! | AS91: =H91 -> 0.52978018 | AT91: =S91 -> #DIV/0! | AU91: =AS91+AT91 -> #DIV/0! | AV91: =I91 -> 0.57322963 | AW91: =T91 -> #DIV/0! | AX91: =AV91+AW91 -> #DIV/0! | AY91: =J91 -> 0.45081597 | AZ91: =U91 -> #DIV/0! | BA91: =AY91+AZ91 -> #DIV/0! | BB91: =K91 -> 0.33551271 | BC91: =V91 -> #DIV/0! | BD91: =BB91+BC91 -> #DIV/0!
D92: =Production!K34 -> GWP | E92: =Production!L34 -> 86.652814 | F92: =Production!M34 -> 89.651401 | G92: =Production!N34 -> 52.335354 | H92: =Production!O34 -> 50.599182 | I92: =Production!P34 -> 87.047293 | J92: =Production!Q34 -> 44.804444 | K92: =Production!R34 -> 49.589361 | L92: =Production!S34 -> kg CO2 eq | O92: =D92 -> GWP | P92: =P84/P$80*1000 -> #DIV/0! | Q92: =Q84/Q$80*1000 -> #DIV/0! | R92: =R84/R$80*1000 -> #DIV/0! | S92: =S84/S$80*1000 -> #DIV/0! | T92: =T84/T$80*1000 -> #DIV/0! | U92: =U84/U$80*1000 -> #DIV/0! | V92: =V84/V$80*1000 -> #DIV/0! | Y92: =O92 -> GWP | Z92: =E92+P92 -> #DIV/0! | AA92: =F92+Q92 -> #DIV/0! | AB92: =G92+R92 -> #DIV/0! | AC92: =H92+S92 -> #DIV/0! | AD92: =I92+T92 -> #DIV/0! | AE92: =J92+U92 -> #DIV/0! | AF92: =K92+V92 -> #DIV/0! | AI92: =Y92 -> GWP | AJ92: =E92 -> 86.652814 | AK92: =P92 -> #DIV/0! | AL92: =AJ92+AK92 -> #DIV/0! | AM92: =F92 -> 89.651401 | AN92: =Q92 -> #DIV/0! | AO92: =AM92+AN92 -> #DIV/0! | AP92: =G92 -> 52.335354 | AQ92: =R92 -> #DIV/0! | AR92: =AP92+AQ92 -> #DIV/0! | AS92: =H92 -> 50.599182 | AT92: =S92 -> #DIV/0! | AU92: =AS92+AT92 -> #DIV/0! | AV92: =I92 -> 87.047293 | AW92: =T92 -> #DIV/0! | AX92: =AV92+AW92 -> #DIV/0! | AY92: =J92 -> 44.804444 | AZ92: =U92 -> #DIV/0! | BA92: =AY92+AZ92 -> #DIV/0! | BB92: =K92 -> 49.589361 | BC92: =V92 -> #DIV/0! | BD92: =BB92+BC92 -> #DIV/0!
D93: =Production!K35 -> Htox | E93: =Production!L35 -> 0.11590352 | F93: =Production!M35 -> 0.17429063 | G93: =Production!N35 -> 0.017370498 | H93: =Production!O35 -> 0.029456447 | I93: =Production!P35 -> 0.027129775 | J93: =Production!Q35 -> 0.10404983 | K93: =Production!R35 -> 0.099855443 | L93: =Production!S35 -> mCTUh | O93: =D93 -> Htox | P93: =P85/P$80*1000 -> #DIV/0! | Q93: =Q85/Q$80*1000 -> #DIV/0! | R93: =R85/R$80*1000 -> #DIV/0! | S93: =S85/S$80*1000 -> #DIV/0! | T93: =T85/T$80*1000 -> #DIV/0! | U93: =U85/U$80*1000 -> #DIV/0! | V93: =V85/V$80*1000 -> #DIV/0! | Y93: =O93 -> Htox | Z93: =E93+P93 -> #DIV/0! | AA93: =F93+Q93 -> #DIV/0! | AB93: =G93+R93 -> #DIV/0! | AC93: =H93+S93 -> #DIV/0! | AD93: =I93+T93 -> #DIV/0! | AE93: =J93+U93 -> #DIV/0! | AF93: =K93+V93 -> #DIV/0! | AG93: =L93 -> mCTUh | AI93: =Y93 -> Htox | AJ93: =E93 -> 0.11590352 | AK93: =P93 -> #DIV/0! | AL93: =AJ93+AK93 -> #DIV/0! | AM93: =F93 -> 0.17429063 | AN93: =Q93 -> #DIV/0! | AO93: =AM93+AN93 -> #DIV/0! | AP93: =G93 -> 0.017370498 | AQ93: =R93 -> #DIV/0! | AR93: =AP93+AQ93 -> #DIV/0! | AS93: =H93 -> 0.029456447 | AT93: =S93 -> #DIV/0! | AU93: =AS93+AT93 -> #DIV/0! | AV93: =I93 -> 0.027129775 | AW93: =T93 -> #DIV/0! | AX93: =AV93+AW93 -> #DIV/0! | AY93: =J93 -> 0.10404983 | AZ93: =U93 -> #DIV/0! | BA93: =AY93+AZ93 -> #DIV/0! | BB93: =K93 -> 0.099855443 | BC93: =V93 -> #DIV/0! | BD93: =BB93+BC93 -> #DIV/0!
D94: =Production!K36 -> RDP | E94: =Production!L36 -> 0.036193085 | F94: =Production!M36 -> 0.0078246087 | G94: =Production!N36 -> 0.0053066792 | H94: =Production!O36 -> 0.0090884376 | I94: =Production!P36 -> 0.0080286019 | J94: =Production!Q36 -> 0.031741382 | K94: =Production!R36 -> 0.030760079 | L94: =Production!S36 -> kg Sb eq | O94: =D94 -> RDP | P94: =P86/P$80*1000 -> #DIV/0! | Q94: =Q86/Q$80*1000 -> #DIV/0! | R94: =R86/R$80*1000 -> #DIV/0! | S94: =S86/S$80*1000 -> #DIV/0! | T94: =T86/T$80*1000 -> #DIV/0! | U94: =U86/U$80*1000 -> #DIV/0! | V94: =V86/V$80*1000 -> #DIV/0! | Y94: =O94 -> RDP | Z94: =E94+P94 -> #DIV/0! | AA94: =F94+Q94 -> #DIV/0! | AB94: =G94+R94 -> #DIV/0! | AC94: =H94+S94 -> #DIV/0! | AD94: =I94+T94 -> #DIV/0! | AE94: =J94+U94 -> #DIV/0! | AF94: =K94+V94 -> #DIV/0! | AI94: =Y94 -> RDP | AJ94: =E94 -> 0.036193085 | AK94: =P94 -> #DIV/0! | AL94: =AJ94+AK94 -> #DIV/0! | AM94: =F94 -> 0.0078246087 | AN94: =Q94 -> #DIV/0! | AO94: =AM94+AN94 -> #DIV/0! | AP94: =G94 -> 0.0053066792 | AQ94: =R94 -> #DIV/0! | AR94: =AP94+AQ94 -> #DIV/0! | AS94: =H94 -> 0.0090884376 | AT94: =S94 -> #DIV/0! | AU94: =AS94+AT94 -> #DIV/0! | AV94: =I94 -> 0.0080286019 | AW94: =T94 -> #DIV/0! | AX94: =AV94+AW94 -> #DIV/0! | AY94: =J94 -> 0.031741382 | AZ94: =U94 -> #DIV/0! | BA94: =AY94+AZ94 -> #DIV/0! | BB94: =K94 -> 0.030760079 | BC94: =V94 -> #DIV/0! | BD94: =BB94+BC94 -> #DIV/0!
D95: =Production!K37 -> ODP | E95: =Production!L37 -> 1.1542625e-05 | F95: =Production!M37 -> 7.7830878e-06 | G95: =Production!N37 -> 4.6714949e-06 | H95: =Production!O37 -> 4.6526047e-06 | I95: =Production!P37 -> 8.8869096e-06 | J95: =Production!Q37 -> 4.9536118e-06 | K95: =Production!R37 -> 3.908644e-06 | L95: =Production!S37 -> kg CFC-11 eq | O95: =D95 -> ODP | P95: =P87/P$80*1000 -> #DIV/0! | Q95: =Q87/Q$80*1000 -> #DIV/0! | R95: =R87/R$80*1000 -> #DIV/0! | S95: =S87/S$80*1000 -> #DIV/0! | T95: =T87/T$80*1000 -> #DIV/0! | U95: =U87/U$80*1000 -> #DIV/0! | V95: =V87/V$80*1000 -> #DIV/0! | Y95: =O95 -> ODP | Z95: =E95+P95 -> #DIV/0! | AA95: =F95+Q95 -> #DIV/0! | AB95: =G95+R95 -> #DIV/0! | AC95: =H95+S95 -> #DIV/0! | AD95: =I95+T95 -> #DIV/0! | AE95: =J95+U95 -> #DIV/0! | AF95: =K95+V95 -> #DIV/0! | AI95: =Y95 -> ODP | AJ95: =E95 -> 1.1542625e-05 | AK95: =P95 -> #DIV/0! | AL95: =AJ95+AK95 -> #DIV/0! | AM95: =F95 -> 7.7830878e-06 | AN95: =Q95 -> #DIV/0! | AO95: =AM95+AN95 -> #DIV/0! | AP95: =G95 -> 4.6714949e-06 | AQ95: =R95 -> #DIV/0! | AR95: =AP95+AQ95 -> #DIV/0! | AS95: =H95 -> 4.6526047e-06 | AT95: =S95 -> #DIV/0! | AU95: =AS95+AT95 -> #DIV/0! | AV95: =I95 -> 8.8869096e-06 | AW95: =T95 -> #DIV/0! | AX95: =AV95+AW95 -> #DIV/0! | AY95: =J95 -> 4.9536118e-06 | AZ95: =U95 -> #DIV/0! | BA95: =AY95+AZ95 -> #DIV/0! | BB95: =K95 -> 3.908644e-06 | BC95: =V95 -> #DIV/0! | BD95: =BB95+BC95 -> #DIV/0!
D96: =Production!K38 -> PMF | E96: =Production!L38 -> 0.07314414 | F96: =Production!M38 -> 0.066887784 | G96: =Production!N38 -> 0.041568987 | H96: =Production!O38 -> 0.035470152 | I96: =Production!P38 -> 0.047544377 | J96: =Production!Q38 -> 0.040765274 | K96: =Production!R38 -> 0.035253835 | L96: =Production!S38 -> kg PM2.5 eq | O96: =D96 -> PMF | P96: =P88/P$80*1000 -> #DIV/0! | Q96: =Q88/Q$80*1000 -> #DIV/0! | R96: =R88/R$80*1000 -> #DIV/0! | S96: =S88/S$80*1000 -> #DIV/0! | T96: =T88/T$80*1000 -> #DIV/0! | U96: =U88/U$80*1000 -> #DIV/0! | V96: =V88/V$80*1000 -> #DIV/0! | Y96: =O96 -> PMF | Z96: =E96+P96 -> #DIV/0! | AA96: =F96+Q96 -> #DIV/0! | AB96: =G96+R96 -> #DIV/0! | AC96: =H96+S96 -> #DIV/0! | AD96: =I96+T96 -> #DIV/0! | AE96: =J96+U96 -> #DIV/0! | AF96: =K96+V96 -> #DIV/0! | AI96: =Y96 -> PMF | AJ96: =E96 -> 0.07314414 | AK96: =P96 -> #DIV/0! | AL96: =AJ96+AK96 -> #DIV/0! | AM96: =F96 -> 0.066887784 | AN96: =Q96 -> #DIV/0! | AO96: =AM96+AN96 -> #DIV/0! | AP96: =G96 -> 0.041568987 | AQ96: =R96 -> #DIV/0! | AR96: =AP96+AQ96 -> #DIV/0! | AS96: =H96 -> 0.035470152 | AT96: =S96 -> #DIV/0! | AU96: =AS96+AT96 -> #DIV/0! | AV96: =I96 -> 0.047544377 | AW96: =T96 -> #DIV/0! | AX96: =AV96+AW96 -> #DIV/0! | AY96: =J96 -> 0.040765274 | AZ96: =U96 -> #DIV/0! | BA96: =AY96+AZ96 -> #DIV/0! | BB96: =K96 -> 0.035253835 | BC96: =V96 -> #DIV/0! | BD96: =BB96+BC96 -> #DIV/0!
B99: ADVANCED HYDROMETALLURGICAL RECYCLING | L99: =B99 -> ADVANCED HYDROMETALLURGICAL RECYCLING | V99: =L99 -> ADVANCED HYDROMETALLURGICAL RECYCLING | AF99: =V99 -> ADVANCED HYDROMETALLURGICAL RECYCLING | AP99: =AF99 -> ADVANCED HYDROMETALLURGICAL RECYCLING | AZ99: =AP99 -> ADVANCED HYDROMETALLURGICAL RECYCLING | BJ99: =AZ99 -> ADVANCED HYDROMETALLURGICAL RECYCLING
B100: Na-Ion battery cell, prismatic, NaNMC(111)-HC (2021) | L100: Na-Ion battery cell, prismatic, NaMVP-HC (2021) | V100: Recycling of Na-Ion battery cell, prismatic, NaMMO-HC (2021) | AF100: Na-Ion battery cell, prismatic, NaNMMT - NaNiMnMgTiO-HC (2021) | AP100: PBD - prussian blue | AZ100: Li-Ion battery cell, prismatic, NMC622-C (2021) | BJ100: Li-Ion battery cell, prismatic, LFP-C (2021)
G101: Wh/cell | H101: =E142 -> 158.31754 | J101: =H101 -> 158.31754 | K101: =H101 -> 158.31754 | Q101: Wh/cell | R101: =F142 -> 158.47438 | T101: =R101 -> 158.47438 | U101: =R101 -> 158.47438 | AA101: Wh/cell | AB101: =G142 -> 158.29108 | AD101: =AB101 -> 158.29108 | AE101: =AB101 -> 158.29108 | AK101: Wh/cell | AL101: =I142 -> 159.43 | AN101: =AL101 -> 159.43 | AO101: =AL101 -> 159.43 | AU101: Wh/cell | AV101: =T142 -> 159.43 | AX101: =AV101 -> 159.43 | AY101: =AV101 -> 159.43 | BE101: Wh/cell | BF101: =U142 -> 158.46821 | BH101: =BF101 -> 158.46821 | BI101: =BF101 -> 158.46821 | BO101: Wh/cell | BP101: =V142 -> 157.997 | BR101: =BP101 -> 157.997 | BS101: =BP101 -> 157.997
B102: Impact analysis - whole recycling | E102: =B100 -> Na-Ion battery cell, prismatic, NaNMC(111)-HC (2021) | L102: =B102 -> Impact analysis - whole recycling | O102: =L100 -> Na-Ion battery cell, prismatic, NaMVP-HC (2021) | V102: =L102 -> Impact analysis - whole recycling | Y102: =V100 -> Recycling of Na-Ion battery cell, prismatic, NaMMO-HC (2021) | AF102: =V102 -> Impact analysis - whole recycling | AI102: =AF100 -> Na-Ion battery cell, prismatic, NaNMMT - NaNiMnMgTiO-HC (2021) | AP102: =AF102 -> Impact analysis - whole recycling | AS102: =AP100 -> PBD - prussian blue | AZ102: =AP102 -> Impact analysis - whole recycling | BC102: =AZ100 -> Li-Ion battery cell, prismatic, NMC622-C (2021) | BJ102: =AP102 -> Impact analysis - whole recycling | BM102: =BJ100 -> Li-Ion battery cell, prismatic, LFP-C (2021)
B103: Name | C103: Category | D103: Inventory result | E103: Unit | F103: Impact factor | G103: Unit | H103: Impact result | I103: Unit | J103: from black mass processing | K103: mechnical only | L103: Name | M103: Category | N103: Inventory result | O103: Unit | P103: Impact factor | Q103: Unit | R103: Impact result | S103: Unit | T103: from black mass processing | U103: mechnical only | V103: Name | W103: Category | X103: Inventory result | Y103: Unit | Z103: Impact factor | AA103: Unit | AB103: Impact result | AC103: Unit | AD103: from black mass processing | AE103: mechnical only | AF103: Name | AG103: Category | AH103: Inventory result | AI103: Unit | AJ103: Impact factor | AK103: Unit | AL103: Impact result | AM103: Unit | AN103: from black mass processing | AO103: mechnical only | AP103: Name | AQ103: Category | AR103: Inventory result | AS103: Unit | AT103: Impact factor | AU103: Unit | AV103: Impact result | AW103: Unit | AX103: from black mass processing | AY103: mechnical only | AZ103: Name | BA103: Category | BB103: Inventory result | BC103: Unit | BD103: Impact factor | BE103: Unit | BF103: Impact result | BG103: Unit | BH103: from black mass processing | BI103: mechnical only | BJ103: Name | BK103: Category | BL103: Inventory result | BM103: Unit | BN103: Impact factor | BO103: Unit | BP103: Impact result | BQ103: Unit | BR103: from black mass processing | BS103: mechnical only | BW103: Name | BX103: Category | BY103: Inventory result | BZ103: Unit | CA103: Impact factor | CB103: Unit | CC103: Impact result | CD103: Unit
B104: Acidification | H104: -0.09782 | I104: molc H+ eq | J104: =H123 -> -0.08638 | K104: =H104-J104 -> -0.01144 | L104: Acidification | R104: -0.03407 | S104: molc H+ eq | T104: =R123 -> -0.02065 | U104: =R104-T104 -> -0.01342 | V104: Acidification | AB104: -0.04618 | AC104: molc H+ eq | AD104: =AB123 -> -0.03524 | AE104: =AB104-AD104 -> -0.01094 | AF104: Acidification | AL104: -0.0532 | AM104: molc H+ eq | AN104: =AL123 -> -0.04351 | AO104: =AL104-AN104 -> -0.00969 | AP104: Acidification | AV104: -0.0449 | AW104: molc H+ eq | AX104: =AV123 -> -0.02287 | AY104: =AV104-AX104 -> -0.02203 | AZ104: Acidification | BF104: -0.04759 | BG104: molc H+ eq | BH104: =BF123 -> -0.03579 | BI104: =BF104-BH104 -> -0.0118 | BJ104: Acidification | BP104: -0.01838 | BQ104: molc H+ eq | BR104: =BP123 -> 0.00066 | BS104: =BP104-BR104 -> -0.01904 | BW104: Acidification | CC104: -0.07082 | CD104: molc H+ eq
B105: Climate change | H105: -5.05023 | I105: kg CO2 eq | J105: =H124 -> -3.57547 | K105: =H105-J105 -> -1.47476 | L105: Climate change | R105: -1.31878 | S105: kg CO2 eq | T105: =R124 -> 0.44375 | U105: =R105-T105 -> -1.76253 | V105: Climate change | AB105: -1.00348 | AC105: kg CO2 eq | AD105: =AB124 -> 0.41071 | AE105: =AB105-AD105 -> -1.41419 | AF105: Climate change | AL105: -2.11352 | AM105: kg CO2 eq | AN105: =AL124 -> -0.39502 | AO105: =AL105-AN105 -> -1.7185 | AP105: Climate change | AV105: -2.09008 | AW105: kg CO2 eq | AX105: =AV124 -> 0.84662 | AY105: =AV105-AX105 -> -2.9367 | AZ105: Climate change | BF105: -2.75495 | BG105: kg CO2 eq | BH105: =BF124 -> -1.9551 | BI105: =BF105-BH105 -> -0.79985 | BJ105: Climate change | BP105: -1.03389 | BQ105: kg CO2 eq | BR105: =BP124 -> 0.27169 | BS105: =BP105-BR105 -> -1.30558 | BW105: Climate change | CC105: 0.39914 | CD105: kg CO2 eq
B106: Freshwater ecotoxicity | H106: -360.81595 | I106: CTUe | J106: =H125 -> -314.46931 | K106: =H106-J106 -> -46.34664 | L106: Freshwater ecotoxicity | R106: -44.86203 | S106: CTUe | T106: =R125 -> 10.86965 | U106: =R106-T106 -> -55.73168 | V106: Freshwater ecotoxicity | AB106: -33.52197 | AC106: CTUe | AD106: =AB125 -> 10.3078 | AE106: =AB106-AD106 -> -43.82977 | AF106: Freshwater ecotoxicity | AL106: -92.58671 | AM106: CTUe | AN106: =AL125 -> -49.93964 | AO106: =AL106-AN106 -> -42.64707 | AP106: Freshwater ecotoxicity | AV106: -73.3263 | AW106: CTUe | AX106: =AV125 -> 18.48654 | AY106: =AV106-AX106 -> -91.81284 | AZ106: Freshwater ecotoxicity | BF106: -804.08807 | BG106: CTUe | BH106: =BF125 -> -165.55289 | BI106: =BF106-BH106 -> -638.53518 | BJ106: Freshwater ecotoxicity | BP106: -1020.2616 | BQ106: CTUe | BR106: =BP125 -> 9.60638 | BS106: =BP106-BR106 -> -1029.868 | BW106: Freshwater ecotoxicity | CC106: 2.69396 | CD106: CTUe
B107: Freshwater eutrophication | H107: -0.00151 | I107: kg P eq | J107: =H126 -> -0.00113 | K107: =H107-J107 -> -0.00038 | L107: Freshwater eutrophication | R107: -4.94247e-05 | S107: kg P eq | T107: =R126 -> 0.00045 | U107: =R107-T107 -> -0.0004994247 | V107: Freshwater eutrophication | AB107: 4.128e-05 | AC107: kg P eq | AD107: =AB126 -> 0.00042 | AE107: =AB107-AD107 -> -0.00037872 | AF107: Freshwater eutrophication | AL107: -0.00041 | AM107: kg P eq | AN107: =AL126 -> 6.27213e-05 | AO107: =AL107-AN107 -> -0.0004727213 | AP107: Freshwater eutrophication | AV107: -0.00026 | AW107: kg P eq | AX107: =AV126 -> 0.00061 | AY107: =AV107-AX107 -> -0.00087 | AZ107: Freshwater eutrophication | BF107: -0.00352 | BG107: kg P eq | BH107: =BF126 -> -0.00104 | BI107: =BF107-BH107 -> -0.00248 | BJ107: Freshwater eutrophication | BP107: -0.00407 | BQ107: kg P eq | BR107: =BP126 -> -4.63087e-05 | BS107: =BP107-BR107 -> -0.0040236913 | BW107: Freshwater eutrophication | CC107: 0.00076 | CD107: kg P eq
B108: Human toxicity, cancer effects | H108: -4.37822e-06 | I108: CTUh | J108: =H127 -> -4.00005e-06 | K108: =H108-J108 -> -3.7817e-07 | L108: Human toxicity, cancer effects | R108: -4.05756e-07 | S108: CTUh | T108: =R127 -> 5.5385e-08 | U108: =R108-T108 -> -4.61141e-07 | V108: Human toxicity, cancer effects | AB108: -3.08629e-07 | AC108: CTUh | AD108: =AB127 -> 4.83569e-08 | AE108: =AB108-AD108 -> -3.569859e-07 | AF108: Human toxicity, cancer effects | AL108: -9.35174e-07 | AM108: CTUh | AN108: =AL127 -> -5.96885e-07 | AO108: =AL108-AN108 -> -3.38289e-07 | AP108: Human toxicity, cancer effects | AV108: -6.56079e-07 | AW108: CTUh | AX108: =AV127 -> 1.02817e-07 | AY108: =AV108-AX108 -> -7.58896e-07 | AZ108: Human toxicity, cancer effects | BF108: -2.59534e-06 | BG108: CTUh | BH108: =BF127 -> -2.07749e-06 | BI108: =BF108-BH108 -> -5.1785e-07 | BJ108: Human toxicity, cancer effects | BP108: -8.39182e-07 | BQ108: CTUh | BR108: =BP127 -> -1.13453e-10 | BS108: =BP108-BR108 -> -8.3906855e-07 | BW108: Human toxicity, cancer effects | CC108: 7.63773e-09 | CD108: CTUh
B109: Human toxicity, non-cancer effects | H109: -8.19396e-06 | I109: CTUh | J109: =H128 -> -7.69516e-06 | K109: =H109-J109 -> -4.988e-07 | L109: Human toxicity, non-cancer effects | R109: -2.68004e-07 | S109: CTUh | T109: =R128 -> 3.19359e-07 | U109: =R109-T109 -> -5.87363e-07 | V109: Human toxicity, non-cancer effects | AB109: -1.62992e-07 | AC109: CTUh | AD109: =AB128 -> 3.1497e-07 | AE109: =AB109-AD109 -> -4.77962e-07 | AF109: Human toxicity, non-cancer effects | AL109: -1.47425e-06 | AM109: CTUh | AN109: =AL128 -> -1.01182e-06 | AO109: =AL109-AN109 -> -4.6243e-07 | AP109: Human toxicity, non-cancer effects | AV109: -5.81505e-07 | AW109: CTUh | AX109: =AV128 -> 3.92018e-07 | AY109: =AV109-AX109 -> -9.73523e-07 | AZ109: Human toxicity, non-cancer effects | BF109: -1.08697e-05 | BG109: CTUh | BH109: =BF128 -> -4.14769e-06 | BI109: =BF109-BH109 -> -6.72201e-06 | BJ109: Human toxicity, non-cancer effects | BP109: -1.07986e-05 | BQ109: CTUh | BR109: =BP128 -> 4.2224e-08 | BS109: =BP109-BR109 -> -1.0840824e-05 | BW109: Human toxicity, non-cancer effects | CC109: 6.02132e-07 | CD109: CTUh
B110: Ionizing radiation E (interim) | H110: -1.67738e-05 | I110: CTUe | J110: =H129 -> -1.67053e-05 | K110: =H110-J110 -> -6.85e-08 | L110: Ionizing radiation E (interim) | R110: 2.87636e-07 | S110: CTUe | T110: =R129 -> 4.13539e-07 | U110: =R110-T110 -> -1.25903e-07 | V110: Ionizing radiation E (interim) | AB110: 1.47052e-07 | AC110: CTUe | AD110: =AB129 -> 2.38812e-07 | AE110: =AB110-AD110 -> -9.176e-08 | AF110: Ionizing radiation E (interim) | AL110: -2.58053e-06 | AM110: CTUe | AN110: =AL129 -> -2.34756e-06 | AO110: =AL110-AN110 -> -2.3297e-07 | AP110: Ionizing radiation E (interim) | AV110: 2.19772e-07 | AW110: CTUe | AX110: =AV129 -> 5.1068e-07 | AY110: =AV110-AX110 -> -2.90908e-07 | AZ110: Ionizing radiation E (interim) | BF110: -8.50627e-06 | BG110: CTUe | BH110: =BF129 -> -8.32701e-06 | BI110: =BF110-BH110 -> -1.7926e-07 | BJ110: Ionizing radiation E (interim) | BP110: 1.24015e-07 | BQ110: CTUe | BR110: =BP129 -> 4.38565e-07 | BS110: =BP110-BR110 -> -3.1455e-07 | BW110: Ionizing radiation E (interim) | CC110: 6.22374e-07 | CD110: CTUe
B111: Ionizing radiation HH | H111: -2.10144 | I111: kBq U235 eq | J111: =H130 -> -2.10572 | K111: =H111-J111 -> 0.00428 | L111: Ionizing radiation HH | R111: 0.20158 | S111: kBq U235 eq | T111: =R130 -> 0.21556 | U111: =R111-T111 -> -0.01398 | V111: Ionizing radiation HH | AB111: 0.17042 | AC111: kBq U235 eq | AD111: =AB130 -> 0.17661 | AE111: =AB111-AD111 -> -0.00619 | AF111: Ionizing radiation HH | AL111: -0.24686 | AM111: kBq U235 eq | AN111: =AL130 -> -0.18915 | AO111: =AL111-AN111 -> -0.05771 | AP111: Ionizing radiation HH | AV111: 0.19721 | AW111: kBq U235 eq | AX111: =AV130 -> 0.25388 | AY111: =AV111-AX111 -> -0.05667 | AZ111: Ionizing radiation HH | BF111: -1.07126 | BG111: kBq U235 eq | BH111: =BF130 -> -1.05366 | BI111: =BF111-BH111 -> -0.0176 | BJ111: Ionizing radiation HH | BP111: 0.14164 | BQ111: kBq U235 eq | BR111: =BP130 -> 0.18027 | BS111: =BP111-BR111 -> -0.03863 | BW111: Ionizing radiation HH | CC111: 0.41557 | CD111: kBq U235 eq
B112: Land use | H112: -5.57018 | I112: kg C deficit | J112: =H131 -> -4.68128 | K112: =H112-J112 -> -0.8889 | L112: Land use | R112: -1.65816 | S112: kg C deficit | T112: =R131 -> -0.65847 | U112: =R112-T112 -> -0.99969 | V112: Land use | AB112: -1.83073 | AC112: kg C deficit | AD112: =AB131 -> -0.97558 | AE112: =AB112-AD112 -> -0.85515 | AF112: Land use | AL112: -4.46754 | AM112: kg C deficit | AN112: =AL131 -> -3.64021 | AO112: =AL112-AN112 -> -0.82733 | AP112: Land use | AV112: -2.35905 | AW112: kg C deficit | AX112: =AV131 -> -0.73231 | AY112: =AV112-AX112 -> -1.62674 | AZ112: Land use | BF112: 1.1797 | BG112: kg C deficit | BH112: =BF131 -> -3.98364 | BI112: =BF112-BH112 -> 5.16334 | BJ112: Land use | BP112: 6.90381 | BQ112: kg C deficit | BR112: =BP131 -> -1.43219 | BS112: =BP112-BR112 -> 8.336 | BW112: Land use | CC112: -1.59519 | CD112: kg C deficit
B113: Marine eutrophication | H113: -0.0175 | I113: kg N eq | J113: =H132 -> -0.01592 | K113: =H113-J113 -> -0.00158 | L113: Marine eutrophication | R113: -0.00836 | S113: kg N eq | T113: =R132 -> -0.00646 | U113: =R113-T113 -> -0.0019 | V113: Marine eutrophication | AB113: -0.00954 | AC113: kg N eq | AD113: =AB132 -> -0.00803 | AE113: =AB113-AD113 -> -0.00151 | AF113: Marine eutrophication | AL113: -0.01048 | AM113: kg N eq | AN113: =AL132 -> -0.00895 | AO113: =AL113-AN113 -> -0.00153 | AP113: Marine eutrophication | AV113: -0.00978 | AW113: kg N eq | AX113: =AV132 -> -0.00663 | AY113: =AV113-AX113 -> -0.00315 | AZ113: Marine eutrophication | BF113: -0.00656 | BG113: kg N eq | BH113: =BF132 -> -0.0044 | BI113: =BF113-BH113 -> -0.00216 | BJ113: Marine eutrophication | BP113: -0.00403 | BQ113: kg N eq | BR113: =BP132 -> -0.00053 | BS113: =BP113-BR113 -> -0.0035 | BW113: Marine eutrophication | CC113: -0.01615 | CD113: kg N eq
B114: Mineral, fossil & ren resource depletion | H114: -0.00447 | I114: kg Sb eq | J114: =H133 -> -0.00385 | K114: =H114-J114 -> -0.00062 | L114: Mineral, fossil & ren resource depletion | R114: -0.00062 | S114: kg Sb eq | T114: =R133 -> 6.68898e-06 | U114: =R114-T114 -> -0.00062668898 | V114: Mineral, fossil & ren resource depletion | AB114: -0.00061 | AC114: kg Sb eq | AD114: =AB133 -> -7.46501e-06 | AE114: =AB114-AD114 -> -0.00060253499 | AF114: Mineral, fossil & ren resource depletion | AL114: -0.00097 | AM114: kg Sb eq | AN114: =AL133 -> -0.00064 | AO114: =AL114-AN114 -> -0.00033 | AP114: Mineral, fossil & ren resource depletion | AV114: -0.00094 | AW114: kg Sb eq | AX114: =AV133 -> 2.40683e-05 | AY114: =AV114-AX114 -> -0.0009640683 | AZ114: Mineral, fossil & ren resource depletion | BF114: -0.00476 | BG114: kg Sb eq | BH114: =BF133 -> -0.00264 | BI114: =BF114-BH114 -> -0.00212 | BJ114: Mineral, fossil & ren resource depletion | BP114: -0.00394 | BQ114: kg Sb eq | BR114: =BP133 -> -0.00055 | BS114: =BP114-BR114 -> -0.00339 | BW114: Mineral, fossil & ren resource depletion | CC114: -6.63513e-05 | CD114: kg Sb eq
B115: Ozone depletion | H115: -6.35962e-07 | I115: kg CFC-11 eq | J115: =H134 -> -5.44378e-07 | K115: =H115-J115 -> -9.1584e-08 | L115: Ozone depletion | R115: -1.03138e-07 | S115: kg CFC-11 eq | T115: =R134 -> -2.12268e-09 | U115: =R115-T115 -> -1.0101532e-07 | V115: Ozone depletion | AB115: -1.50421e-07 | AC115: kg CFC-11 eq | AD115: =AB134 -> -6.21936e-08 | AE115: =AB115-AD115 -> -8.82274e-08 | AF115: Ozone depletion | AL115: -2.09503e-07 | AM115: kg CFC-11 eq | AN115: =AL134 -> -1.25456e-07 | AO115: =AL115-AN115 -> -8.4047e-08 | AP115: Ozone depletion | AV115: -1.17568e-07 | AW115: kg CFC-11 eq | AX115: =AV134 -> 4.56067e-08 | AY115: =AV115-AX115 -> -1.631747e-07 | AZ115: Ozone depletion | BF115: -2.93987e-07 | BG115: kg CFC-11 eq | BH115: =BF134 -> -2.50607e-07 | BI115: =BF115-BH115 -> -4.338e-08 | BJ115: Ozone depletion | BP115: -4.56666e-08 | BQ115: kg CFC-11 eq | BR115: =BP134 -> 2.33736e-08 | BS115: =BP115-BR115 -> -6.90402e-08 | BW115: Ozone depletion | CC115: -1.44178e-07 | CD115: kg CFC-11 eq
... B119: Water resource depletion | H119: -8.1726 | I119: m3 water eq | J119: =H138 -> -7.13296 | K119: =H119-J119 -> -1.03964 | L119: Water resource depletion | R119: -0.45568 | S119: m3 water eq | T119: =R138 -> 0.85471 | U119: =R119-T119 -> -1.31039 | V119: Water resource depletion | AB119: -0.28217 | AC119: m3 water eq | AD119: =AB138 -> 0.7259 | AE119: =AB119-AD119 -> -1.00807 | AF119: Water resource depletion | AL119: -1.73306 | AM119: m3 water eq | AN119: =AL138 -> -0.5679 | AO119: =AL119-AN119 -> -1.16516 | AP119: Water resource depletion | AV119: -1.0732 | AW119: m3 water eq | AX119: =AV138 -> 1.16541 | AY119: =AV119-AX119 -> -2.23861 | AZ119: Water resource depletion | BF119: -4.63255 | BG119: m3 water eq | BH119: =BF138 -> -3.72703 | BI119: =BF119-BH119 -> -0.90552 | BJ119: Water resource depletion | BP119: -0.93083 | BQ119: m3 water eq | BR119: =BP138 -> 0.56462 | BS119: =BP119-BR119 -> -1.49545 | BW119: Water resource depletion | CC119: 1.36112 | CD119: m3 water eq
B121: Impact analysis - hydrometallurgy | E121: =E102 -> Na-Ion battery cell, prismatic, NaNMC(111)-HC (2021) | L121: =B121 -> Impact analysis - hydrometallurgy | O121: =O102 -> Na-Ion battery cell, prismatic, NaMVP-HC (2021) | V121: =L121 -> Impact analysis - hydrometallurgy | Y121: =Y102 -> Recycling of Na-Ion battery cell, prismatic, NaMMO-HC (2021) | AF121: =V121 -> Impact analysis - hydrometallurgy | AI121: =AI102 -> Na-Ion battery cell, prismatic, NaNMMT - NaNiMnMgTiO-HC (2021) | AP121: =AF121 -> Impact analysis - hydrometallurgy | AS121: =AS102 -> PBD - prussian blue | AZ121: =AP121 -> Impact analysis - hydrometallurgy | BC121: =BC102 -> Li-Ion battery cell, prismatic, NMC622-C (2021) | BJ121: =AP121 -> Impact analysis - hydrometallurgy | BM121: =BM102 -> Li-Ion battery cell, prismatic, LFP-C (2021)
B122: Name | C122: Category | D122: Inventory result | E122: Unit | F122: Impact factor | G122: Unit | H122: Impact result | I122: Unit | L122: Name | M122: Category | N122: Inventory result | O122: Unit | P122: Impact factor | Q122: Unit | R122: Impact result | S122: Unit | V122: Name | W122: Category | X122: Inventory result | Y122: Unit | Z122: Impact factor | AA122: Unit | AB122: Impact result | AC122: Unit | AP122: Name | AQ122: Category | AR122: Inventory result | AS122: Unit | AT122: Impact factor | AU122: Unit | AV122: Impact result | AW122: Unit
B123: Acidification | H123: -0.08638 | I123: molc H+ eq | L123: Acidification | R123: -0.02065 | S123: molc H+ eq | V123: Acidification | AB123: -0.03524 | AC123: molc H+ eq | AL123: -0.04351 | AP123: Acidification | AV123: -0.02287 | AW123: molc H+ eq | BF123: -0.03579 | BP123: 0.00066
B124: Climate change | H124: -3.57547 | I124: kg CO2 eq | L124: Climate change | R124: 0.44375 | S124: kg CO2 eq | V124: Climate change | AB124: 0.41071 | AC124: kg CO2 eq | AL124: -0.39502 | AP124: Climate change | AV124: 0.84662 | AW124: kg CO2 eq | BF124: -1.9551 | BP124: 0.27169
B125: Freshwater ecotoxicity | H125: -314.46931 | I125: CTUe | L125: Freshwater ecotoxicity | R125: 10.86965 | S125: CTUe | V125: Freshwater ecotoxicity | AB125: 10.3078 | AC125: CTUe | AL125: -49.93964 | AP125: Freshwater ecotoxicity | AV125: 18.48654 | AW125: CTUe | BF125: -165.55289 | BP125: 9.60638
B126: Freshwater eutrophication | H126: -0.00113 | I126: kg P eq | L126: Freshwater eutrophication | R126: 0.00045 | S126: kg P eq | V126: Freshwater eutrophication | AB126: 0.00042 | AC126: kg P eq | AL126: 6.27213e-05 | AP126: Freshwater eutrophication | AV126: 0.00061 | AW126: kg P eq | BF126: -0.00104 | BP126: -4.63087e-05
B127: Human toxicity, cancer effects | H127: -4.00005e-06 | I127: CTUh | L127: Human toxicity, cancer effects | R127: 5.5385e-08 | S127: CTUh | V127: Human toxicity, cancer effects | AB127: 4.83569e-08 | AC127: CTUh | AL127: -5.96885e-07 | AP127: Human toxicity, cancer effects | AV127: 1.02817e-07 | AW127: CTUh | BF127: -2.07749e-06 | BP127: -1.13453e-10
B128: Human toxicity, non-cancer effects | H128: -7.69516e-06 | I128: CTUh | L128: Human toxicity, non-cancer effects | R128: 3.19359e-07 | S128: CTUh | V128: Human toxicity, non-cancer effects | AB128: 3.1497e-07 | AC128: CTUh | AL128: -1.01182e-06 | AP128: Human toxicity, non-cancer effects | AV128: 3.92018e-07 | AW128: CTUh | BF128: -4.14769e-06 | BP128: 4.2224e-08
B129: Ionizing radiation E (interim) | H129: -1.67053e-05 | I129: CTUe | L129: Ionizing radiation E (interim) | R129: 4.13539e-07 | S129: CTUe | V129: Ionizing radiation E (interim) | AB129: 2.38812e-07 | AC129: CTUe | AL129: -2.34756e-06 | AP129: Ionizing radiation E (interim) | AV129: 5.1068e-07 | AW129: CTUe | BF129: -8.32701e-06 | BP129: 4.38565e-07
B130: Ionizing radiation HH | H130: -2.10572 | I130: kBq U235 eq | L130: Ionizing radiation HH | R130: 0.21556 | S130: kBq U235 eq | V130: Ionizing radiation HH | AB130: 0.17661 | AC130: kBq U235 eq | AL130: -0.18915 | AP130: Ionizing radiation HH | AV130: 0.25388 | AW130: kBq U235 eq | BF130: -1.05366 | BP130: 0.18027
B131: Land use | H131: -4.68128 | I131: kg C deficit | L131: Land use | R131: -0.65847 | S131: kg C deficit | V131: Land use | AB131: -0.97558 | AC131: kg C deficit | AL131: -3.64021 | AP131: Land use | AV131: -0.73231 | AW131: kg C deficit | BF131: -3.98364 | BP131: -1.43219
B132: Marine eutrophication | H132: -0.01592 | I132: kg N eq | L132: Marine eutrophication | R132: -0.00646 | S132: kg N eq | V132: Marine eutrophication | AB132: -0.00803 | AC132: kg N eq | AL132: -0.00895 | AP132: Marine eutrophication | AV132: -0.00663 | AW132: kg N eq | BF132: -0.0044 | BP132: -0.00053
B133: Mineral, fossil & ren resource depletion | H133: -0.00385 | I133: kg Sb eq | L133: Mineral, fossil & ren resource depletion | R133: 6.68898e-06 | S133: kg Sb eq | V133: Mineral, fossil & ren resource depletion | AB133: -7.46501e-06 | AC133: kg Sb eq | AL133: -0.00064 | AP133: Mineral, fossil & ren resource depletion | AV133: 2.40683e-05 | AW133: kg Sb eq | BF133: -0.00264 | BP133: -0.00055
B134: Ozone depletion | H134: -5.44378e-07 | I134: kg CFC-11 eq | L134: Ozone depletion | R134: -2.12268e-09 | S134: kg CFC-11 eq | V134: Ozone depletion | AB134: -6.21936e-08 | AC134: kg CFC-11 eq | AL134: -1.25456e-07 | AP134: Ozone depletion | AV134: 4.56067e-08 | AW134: kg CFC-11 eq | BF134: -2.50607e-07 | BP134: 2.33736e-08
... B138: Water resource depletion | H138: -7.13296 | I138: m3 water eq | L138: Water resource depletion | R138: 0.85471 | S138: m3 water eq | V138: Water resource depletion | AB138: 0.7259 | AC138: m3 water eq | AL138: -0.5679 | AP138: Water resource depletion | AV138: 1.16541 | AW138: m3 water eq | BF138: -3.72703 | BP138: 0.56462
...

Sheet Resume_SensAnal
B3: Results summary
D6: =Recycling!AJ142 -> NaNMC | G6: =Recycling!AM142 -> NaMVP | J6: =Recycling!AP142 -> NaMMO | M6: =Recycling!AS142 -> NaNMMT | P6: =Recycling!AV142 -> NaPBA | S6: =Recycling!AY142 -> LiNMC | V6: =Recycling!BB142 -> LiFP
C7: =Recycling!AI143 -> per cell | D7: =Recycling!AJ143 -> Prod | E7: =Recycling!AK143 -> Rec | F7: =Recycling!AL143 -> Net | G7: =Recycling!AM143 -> Prod | H7: =Recycling!AN143 -> Rec | I7: =Recycling!AO143 -> Net | J7: =Recycling!AP143 -> Prod | ... X7: =Recycling!BD143 -> Net
C8: =Recycling!AI144 -> AP | D8: =Recycling!AJ144 -> 0.15678 | E8: =Recycling!AK144 -> -0.09782 | F8: =Recycling!AL144 -> 0.05896 | G8: =Recycling!AM144 -> 0.13554 | H8: =Recycling!AN144 -> -0.03407 | I8: =Recycling!AO144 -> 0.10147 | J8: =Recycling!AP144 -> 0.07892 | ... Y8: =Recycling!BE144 -> molc H+ eq
C9: =Recycling!AI145 -> GWP | D9: =Recycling!AJ145 -> 13.71866 | E9: =Recycling!AK145 -> -5.05023 | F9: =Recycling!AL145 -> 8.66843 | G9: =Recycling!AM145 -> 14.20745 | H9: =Recycling!AN145 -> -1.31878 | I9: =Recycling!AO145 -> 12.88867 | J9: =Recycling!AP145 -> 8.28422 | ... Y9: =Recycling!BE145 -> kg CO2 eq
C10: =Recycling!AI146 -> Htox | D10: =Recycling!AJ146 -> 0.01834956 | E10: =Recycling!AK146 -> -0.01257218 | F10: =Recycling!AL146 -> 0.00577738 | G10: =Recycling!AM146 -> 0.0276206 | H10: =Recycling!AN146 -> -0.00067376 | I10: =Recycling!AO146 -> 0.02694684 | J10: =Recycling!AP146 -> 0.002749595 | ... Y10: =Recycling!BE146 -> mCTUh
C11: =Recycling!AI147 -> RDP | D11: =Recycling!AJ147 -> 0.00573 | E11: =Recycling!AK147 -> -0.00447 | F11: =Recycling!AL147 -> 0.00126 | G11: =Recycling!AM147 -> 0.00124 | H11: =Recycling!AN147 -> -0.00062 | I11: =Recycling!AO147 -> 0.00062 | J11: =Recycling!AP147 -> 0.00084 | ... Y11: =Recycling!BE147 -> kg Sb eq
C12: =Recycling!AI148 -> ODP | D12: =Recycling!AJ148 -> 1.8274e-06 | E12: =Recycling!AK148 -> -6.35962e-07 | F12: =Recycling!AL148 -> 1.191438e-06 | G12: =Recycling!AM148 -> 1.23342e-06 | H12: =Recycling!AN148 -> -1.03138e-07 | I12: =Recycling!AO148 -> 1.130282e-06 | J12: =Recycling!AP148 -> 7.39456e-07 | ... Y12: =Recycling!BE148 -> kg CFC-11 eq
C13: =Recycling!AI149 -> PMF | D13: =Recycling!AJ149 -> 0.01158 | E13: =Recycling!AK149 -> -0.00689 | F13: =Recycling!AL149 -> 0.00469 | G13: =Recycling!AM149 -> 0.0106 | H13: =Recycling!AN149 -> -0.00238 | I13: =Recycling!AO149 -> 0.00822 | J13: =Recycling!AP149 -> 0.00658 | ... Y13: =Recycling!BE149 -> kg PM2.5 eq
D14: =Recycling!AJ150 -> NaNMC | G14: =Recycling!AM150 -> NaMVP | J14: =Recycling!AP150 -> NaMMO | M14: =Recycling!AS150 -> NaNMMT | P14: =Recycling!AV150 -> NaPBA | S14: =Recycling!AY150 -> LiNMC | V14: =Recycling!BB150 -> LiFP
C15: =Recycling!AI151 -> per kWh | D15: =Recycling!AJ151 -> Prod | E15: =Recycling!AK151 -> Rec | F15: =Recycling!AL151 -> Net | G15: =Recycling!AM151 -> Prod | H15: =Recycling!AN151 -> Rec | I15: =Recycling!AO151 -> Net | J15: =Recycling!AP151 -> Prod | ... X15: =Recycling!BD151 -> Net
C16: =Recycling!AI152 -> AP | D16: =Recycling!AJ152 -> 0.99028828 | E16: =Recycling!AK152 -> -0.61787217 | F16: =Recycling!AL152 -> 0.37241611 | G16: =Recycling!AM152 -> 0.85528021 | H16: =Recycling!AN152 -> -0.21498743 | I16: =Recycling!AO152 -> 0.64029278 | J16: =Recycling!AP152 -> 0.49857514 | ... X16: =Recycling!BD152 -> 0.21918138 | Y16: =Y8 -> molc H+ eq
C17: =Recycling!AI153 -> GWP | D17: =Recycling!AJ153 -> 86.652814 | E17: =Recycling!AK153 -> -31.899372 | F17: =Recycling!AL153 -> 54.753442 | G17: =Recycling!AM153 -> 89.651401 | H17: =Recycling!AN153 -> -8.3217238 | I17: =Recycling!AO153 -> 81.329677 | J17: =Recycling!AP153 -> 52.335354 | ... X17: =Recycling!BD153 -> 43.045629 | Y17: =Y9 -> kg CO2 eq
C18: =Recycling!AI154 -> Htox | D18: =Recycling!AJ154 -> 0.11590352 | E18: =Recycling!AK154 -> -0.079411165 | F18: =Recycling!AL154 -> 0.036492357 | G18: =Recycling!AM154 -> 0.17429063 | H18: =Recycling!AN154 -> -0.004251539 | I18: =Recycling!AO154 -> 0.1700391 | J18: =Recycling!AP154 -> 0.017370498 | ... X18: =Recycling!BD154 -> 0.026197194 | Y18: =Y10 -> mCTUh
C19: =Recycling!AI155 -> RDP | D19: =Recycling!AJ155 -> 0.036193085 | E19: =Recycling!AK155 -> -0.028234396 | F19: =Recycling!AL155 -> 0.0079586888 | G19: =Recycling!AM155 -> 0.0078246087 | H19: =Recycling!AN155 -> -0.0039123043 | I19: =Recycling!AO155 -> 0.0039123043 | J19: =Recycling!AP155 -> 0.0053066792 | ... X19: =Recycling!BD155 -> 0.0058228955 | Y19: =Y11 -> kg Sb eq
C20: =Recycling!AI156 -> ODP | D20: =Recycling!AJ156 -> 1.1542625e-05 | E20: =Recycling!AK156 -> -4.0170029e-06 | F20: =Recycling!AL156 -> 7.5256225e-06 | G20: =Recycling!AM156 -> 7.7830878e-06 | H20: =Recycling!AN156 -> -6.5081814e-07 | I20: =Recycling!AO156 -> 7.1322697e-06 | J20: =Recycling!AP156 -> 4.6714949e-06 | ... X20: =Recycling!BD156 -> 3.6196093e-06 | Y20: =Y12 -> kg CFC-11 eq
C21: =Recycling!AI157 -> PMF | D21: =Recycling!AJ157 -> 0.07314414 | E21: =Recycling!AK157 -> -0.043520132 | F21: =Recycling!AL157 -> 0.029624008 | G21: =Recycling!AM157 -> 0.066887784 | H21: =Recycling!AN157 -> -0.015018201 | I21: =Recycling!AO157 -> 0.051869583 | J21: =Recycling!AP157 -> 0.041568987 | ... X21: =Recycling!BD157 -> 0.019747211 | Y21: =Y13 -> kg PM2.5 eq
D23: =($S17-D17)/$S17 -> -0.93402277 | G23: =($S17-G17)/$S17 -> -1.0009489 | J23: =($S17-J17)/$S17 -> -0.16808401 | M23: =($S17-M17)/$S17 -> -0.12933401 | P23: =($S17-P17)/$S17 -> -0.94282723 | S23: =($S17-S17)/$S17 -> 0 | V23: =($S17-V17)/$S17 -> -0.10679559
B26: Sensitivity Analysis
A28: ENERGY DENSITY | D28: Energy density | E28: =Production!C22 -> 136.31 | F28: =Production!D22 -> 152.46717 | G28: =Production!E22 -> 157.08 | H28: =Production!F22 -> 171.91013 | I28: =Production!G22 -> 124.1 | J28: =Production!H22 -> 272.11478 | K28: =Production!I22 -> 197.41872 | L28: Wh/kg
B29: GWP | D29: Production - GWP | M29: Net - GWP | Z29: HTP
D30: Energy density - absolute values | E30: =Production!C24 -> NaNMC | F30: =Production!D24 -> NaMVP | G30: =Production!E24 -> NaMMO | H30: =Production!F24 -> NaNMMT | I30: =Production!G24 -> NaPBA | J30: =Production!H24 -> LiNMC | K30: =Production!I24 -> LiFP | M30: =D30 -> Energy density - absolute values | N30: =E30 -> NaNMC | O30: =F30 -> NaMVP | P30: =G30 -> NaMMO | Q30: =H30 -> NaNMMT | R30: =I30 -> NaPBA | S30: =J30 -> LiNMC | T30: =K30 -> LiFP | AB30: Energy density - absolute values | AC30: =N30 -> NaNMC | AD30: =O30 -> NaMVP | AE30: =P30 -> NaMMO | AF30: =Q30 -> NaNMMT | AG30: =R30 -> NaPBA | AH30: =S30 -> LiNMC | AI30: =T30 -> LiFP | AL30: =AC30 -> NaNMC | AM30: =AD30 -> NaMVP | AN30: =AE30 -> NaMMO | AO30: =AF30 -> NaNMMT | AP30: =AG30 -> NaPBA | AQ30: =AH30 -> LiNMC | AR30: =AI30 -> LiFP
D31: 100 | E31: =D$17*E$28/$D31 -> 118.11645 | F31: =G$17*F$28/$D31 -> 136.68896 | G31: =J$17*G$28/$D31 -> 82.208375 | H31: =M$17*H$28/$D31 -> 86.985118 | I31: =P$17*I$28/$D31 -> 108.02569 | J31: =S$17*J$28/$D31 -> 121.91951 | K31: =V$17*K$28/$D31 -> 97.898683 | M31: =D31 -> 100 | N31: =F$17*E$28/$D31 -> 74.634417 | O31: =I$17*F$28/$D31 -> 124.00106 | P31: =L$17*G$28/$D31 -> 72.250351 | Q31: =O$17*H$28/$D31 -> 64.053507 | R31: =R$17*I$28/$D31 -> 91.756549 | S31: =U$17*J$28/$D31 -> 74.6127 | T31: =X$17*K$28/$D31 -> 84.980131 | AB31: 50 | AC31: =D$18*E$28/$D31 -> 0.15798809 | AD31: =G$18*F$28/$D31 -> 0.265736 | AE31: =J$18*G$28/$D31 -> 0.027285579 | AF31: =M$18*H$28/$D31 -> 0.050638615 | AG31: =P$18*I$28/$D31 -> 0.033668051 | AH31: =S$18*J$28/$D31 -> 0.28313496 | AI31: =V$18*K$28/$D31 -> 0.19713334 | AL31: =F$18*E$28/$D31 -> 0.049742732 | AM31: =I$18*F$28/$D31 -> 0.2592538 | AN31: =L$18*G$28/$D31 -> 0.022605452 | AO31: =O$18*H$28/$D31 -> 0.024496457 | AP31: =R$18*I$28/$D31 -> 0.024034721 | AQ31: =U$18*J$28/$D31 -> 0.051919098 | AR31: =X$18*K$28/$D31 -> 0.051718167
D32: 110 | E32: =D$17*E$28/$D32 -> 107.37859 | F32: =G$17*F$28/$D32 -> 124.26269 | G32: =J$17*G$28/$D32 -> 74.734886 | H32: =M$17*H$28/$D32 -> 79.07738 | I32: =P$17*I$28/$D32 -> 98.205174 | J32: =S$17*J$28/$D32 -> 110.83592 | K32: =V$17*K$28/$D32 -> 88.998803 | M32: =D32 -> 110 | N32: =F$17*E$28/$D32 -> 67.84947 | O32: =I$17*F$28/$D32 -> 112.72824 | P32: =L$17*G$28/$D32 -> 65.682137 | Q32: =O$17*H$28/$D32 -> 58.230461 | R32: =R$17*I$28/$D32 -> 83.415045 | S32: =U$17*J$28/$D32 -> 67.829728 | T32: =X$17*K$28/$D32 -> 77.254665 | AB32: 60 | AC32: =D$18*E$28/$D32 -> 0.14362554 | AD32: =G$18*F$28/$D32 -> 0.24157818 | AE32: =J$18*G$28/$D32 -> 0.024805071 | AF32: =M$18*H$28/$D32 -> 0.046035104 | AG32: =P$18*I$28/$D32 -> 0.030607319 | AH32: =S$18*J$28/$D32 -> 0.25739542 | AI32: =V$18*K$28/$D32 -> 0.17921213 | AL32: =F$18*E$28/$D32 -> 0.045220665 | AM32: =I$18*F$28/$D32 -> 0.23568527 | AN32: =L$18*G$28/$D32 -> 0.020550411 | AO32: =O$18*H$28/$D32 -> 0.022269507 | AP32: =R$18*I$28/$D32 -> 0.021849746 | AQ32: =U$18*J$28/$D32 -> 0.04719918 | AR32: =X$18*K$28/$D32 -> 0.047016515
D33: 120 | E33: =D$17*E$28/$D33 -> 98.430376 | F33: =G$17*F$28/$D33 -> 113.90746 | G33: =J$17*G$28/$D33 -> 68.506979 | H33: =M$17*H$28/$D33 -> 72.487598 | I33: =P$17*I$28/$D33 -> 90.021409 | J33: =S$17*J$28/$D33 -> 101.5996 | K33: =V$17*K$28/$D33 -> 81.582236 | M33: =D33 -> 120 | N33: =F$17*E$28/$D33 -> 62.195347 | O33: =I$17*F$28/$D33 -> 103.33422 | P33: =L$17*G$28/$D33 -> 60.208626 | Q33: =O$17*H$28/$D33 -> 53.377923 | R33: =R$17*I$28/$D33 -> 76.463791 | S33: =U$17*J$28/$D33 -> 62.17725 | T33: =X$17*K$28/$D33 -> 70.816776 | AB33: 70 | AC33: =D$18*E$28/$D33 -> 0.13165674 | AD33: =G$18*F$28/$D33 -> 0.22144667 | AE33: =J$18*G$28/$D33 -> 0.022737982 | AF33: =M$18*H$28/$D33 -> 0.042198846 | AG33: =P$18*I$28/$D33 -> 0.028056709 | AH33: =S$18*J$28/$D33 -> 0.2359458 | AI33: =V$18*K$28/$D33 -> 0.16427778 | AL33: =F$18*E$28/$D33 -> 0.041452276 | AM33: =I$18*F$28/$D33 -> 0.21604483 | AN33: =L$18*G$28/$D33 -> 0.018837877 | AO33: =O$18*H$28/$D33 -> 0.020413714 | AP33: =R$18*I$28/$D33 -> 0.020028934 | AQ33: =U$18*J$28/$D33 -> 0.043265915 | AR33: =X$18*K$28/$D33 -> 0.043098472
D34: 130 | E34: =D$17*E$28/$D34 -> 90.858809 | F34: =G$17*F$28/$D34 -> 105.14535 | G34: =J$17*G$28/$D34 -> 63.237211 | H34: =M$17*H$28/$D34 -> 66.911629 | I34: =P$17*I$28/$D34 -> 83.096686 | J34: =S$17*J$28/$D34 -> 93.784242 | K34: =V$17*K$28/$D34 -> 75.306679 | M34: =D34 -> 130 | N34: =F$17*E$28/$D34 -> 57.41109 | O34: =I$17*F$28/$D34 -> 95.38543 | P34: =L$17*G$28/$D34 -> 55.577193 | Q34: =O$17*H$28/$D34 -> 49.271929 | R34: =R$17*I$28/$D34 -> 70.581961 | S34: =U$17*J$28/$D34 -> 57.394385 | T34: =X$17*K$28/$D34 -> 65.369332 | AB34: 80 | AC34: =D$18*E$28/$D34 -> 0.1215293 | AD34: =G$18*F$28/$D34 -> 0.20441231 | AE34: =J$18*G$28/$D34 -> 0.020988907 | AF34: =M$18*H$28/$D34 -> 0.038952781 | AG34: =P$18*I$28/$D34 -> 0.0258985 | AH34: =S$18*J$28/$D34 -> 0.21779613 | AI34: =V$18*K$28/$D34 -> 0.15164103 | AL34: =F$18*E$28/$D34 -> 0.03826364 | AM34: =I$18*F$28/$D34 -> 0.199426 | AN34: =L$18*G$28/$D34 -> 0.017388809 | AO34: =O$18*H$28/$D34 -> 0.018843429 | AP34: =R$18*I$28/$D34 -> 0.018488247 | AQ34: =U$18*J$28/$D34 -> 0.039937768 | AR34: =X$18*K$28/$D34 -> 0.039783205
D35: 140 | E35: =D$17*E$28/$D35 -> 84.368894 | F35: =G$17*F$28/$D35 -> 97.634968 | G35: =J$17*G$28/$D35 -> 58.720268 | H35: =M$17*H$28/$D35 -> 62.132227 | I35: =P$17*I$28/$D35 -> 77.161208 | J35: =S$17*J$28/$D35 -> 87.085368 | K35: =V$17*K$28/$D35 -> 69.927631 | M35: =D35 -> 140 | N35: =F$17*E$28/$D35 -> 53.310298 | O35: =I$17*F$28/$D35 -> 88.572185 | P35: =L$17*G$28/$D35 -> 51.607394 | Q35: =O$17*H$28/$D35 -> 45.752505 | R35: =R$17*I$28/$D35 -> 65.540392 | S35: =U$17*J$28/$D35 -> 53.294786 | T35: =X$17*K$28/$D35 -> 60.700094 | AB35: 90 | AC35: =D$18*E$28/$D35 -> 0.11284864 | AD35: =G$18*F$28/$D35 -> 0.18981143 | AE35: =J$18*G$28/$D35 -> 0.019489699 | AF35: =M$18*H$28/$D35 -> 0.036170439 | AG35: =P$18*I$28/$D35 -> 0.024048608 | AH35: =S$18*J$28/$D35 -> 0.20223926 | AI35: =V$18*K$28/$D35 -> 0.14080953 | AL35: =F$18*E$28/$D35 -> 0.035530523 | AM35: =I$18*F$28/$D35 -> 0.18518129 | AN35: =L$18*G$28/$D35 -> 0.016146752 | AO35: =O$18*H$28/$D35 -> 0.017497469 | AP35: =R$18*I$28/$D35 -> 0.017167658 | AQ35: =U$18*J$28/$D35 -> 0.03708507 | AR35: =X$18*K$28/$D35 -> 0.036941548
D36: 150 | E36: =D$17*E$28/$D36 -> 78.744301 | F36: =G$17*F$28/$D36 -> 91.12597 | G36: =J$17*G$28/$D36 -> 54.805583 | H36: =M$17*H$28/$D36 -> 57.990079 | I36: =P$17*I$28/$D36 -> 72.017127 | J36: =S$17*J$28/$D36 -> 81.279677 | K36: =V$17*K$28/$D36 -> 65.265789 | M36: =D36 -> 150 | N36: =F$17*E$28/$D36 -> 49.756278 | O36: =I$17*F$28/$D36 -> 82.667372 | P36: =L$17*G$28/$D36 -> 48.166901 | Q36: =O$17*H$28/$D36 -> 42.702338 | R36: =R$17*I$28/$D36 -> 61.171033 | S36: =U$17*J$28/$D36 -> 49.7418 | T36: =X$17*K$28/$D36 -> 56.653421 | AB36: 100 | AC36: =D$18*E$28/$D36 -> 0.10532539 | AD36: =G$18*F$28/$D36 -> 0.17715733 | AE36: =J$18*G$28/$D36 -> 0.018190386 | AF36: =M$18*H$28/$D36 -> 0.033759077 | AG36: =P$18*I$28/$D36 -> 0.022445367 | AH36: =S$18*J$28/$D36 -> 0.18875664 | AI36: =V$18*K$28/$D36 -> 0.13142223 | AL36: =F$18*E$28/$D36 -> 0.033161821 | AM36: =I$18*F$28/$D36 -> 0.17283587 | AN36: =L$18*G$28/$D36 -> 0.015070302 | AO36: =O$18*H$28/$D36 -> 0.016330971 | AP36: =R$18*I$28/$D36 -> 0.016023147 | AQ36: =U$18*J$28/$D36 -> 0.034612732 | AR36: =X$18*K$28/$D36 -> 0.034478778
D37: 160 | E37: =D$17*E$28/$D37 -> 73.822782 | F37: =G$17*F$28/$D37 -> 85.430597 | G37: =J$17*G$28/$D37 -> 51.380234 | H37: =M$17*H$28/$D37 -> 54.365699 | I37: =P$17*I$28/$D37 -> 67.516057 | J37: =S$17*J$28/$D37 -> 76.199697 | K37: =V$17*K$28/$D37 -> 61.186677 | M37: =D37 -> 160 | N37: =F$17*E$28/$D37 -> 46.64651 | O37: =I$17*F$28/$D37 -> 77.500662 | P37: =L$17*G$28/$D37 -> 45.156469 | Q37: =O$17*H$28/$D37 -> 40.033442 | R37: =R$17*I$28/$D37 -> 57.347843 | S37: =U$17*J$28/$D37 -> 46.632938 | T37: =X$17*K$28/$D37 -> 53.112582 | AB37: 110 | AC37: =D$18*E$28/$D37 -> 0.098742557 | AD37: =G$18*F$28/$D37 -> 0.166085 | AE37: =J$18*G$28/$D37 -> 0.017053487 | AF37: =M$18*H$28/$D37 -> 0.031649134 | AG37: =P$18*I$28/$D37 -> 0.021042532 | AH37: =S$18*J$28/$D37 -> 0.17695935 | AI37: =V$18*K$28/$D37 -> 0.12320834 | AL37: =F$18*E$28/$D37 -> 0.031089207 | AM37: =I$18*F$28/$D37 -> 0.16203363 | AN37: =L$18*G$28/$D37 -> 0.014128408 | AO37: =O$18*H$28/$D37 -> 0.015310286 | AP37: =R$18*I$28/$D37 -> 0.015021701 | AQ37: =U$18*J$28/$D37 -> 0.032449436 | AR37: =X$18*K$28/$D37 -> 0.032323854
D38: 170 | E38: =D$17*E$28/$D38 -> 69.480265 | F38: =G$17*F$28/$D38 -> 80.405268 | G38: =J$17*G$28/$D38 -> 48.357868 | H38: =M$17*H$28/$D38 -> 51.167716 | I38: =P$17*I$28/$D38 -> 63.544524 | J38: =S$17*J$28/$D38 -> 71.717362 | K38: =V$17*K$28/$D38 -> 57.587461 | M38: =D38 -> 170 | N38: =F$17*E$28/$D38 -> 43.902598 | O38: =I$17*F$28/$D38 -> 72.941799 | P38: =L$17*G$28/$D38 -> 42.500206 | Q38: =O$17*H$28/$D38 -> 37.678534 | R38: =R$17*I$28/$D38 -> 53.974441 | S38: =U$17*J$28/$D38 -> 43.889824 | T38: =X$17*K$28/$D38 -> 49.988312 | AB38: 120 | AC38: =D$18*E$28/$D38 -> 0.092934171 | AD38: =G$18*F$28/$D38 -> 0.1563153 | AE38: =J$18*G$28/$D38 -> 0.01605034 | AF38: =M$18*H$28/$D38 -> 0.02978742 | AG38: =P$18*I$28/$D38 -> 0.019804736 | AH38: =S$18*J$28/$D38 -> 0.16654998 | AI38: =V$18*K$28/$D38 -> 0.11596079 | AL38: =F$18*E$28/$D38 -> 0.02926043 | AM38: =I$18*F$28/$D38 -> 0.15250224 | AN38: =L$18*G$28/$D38 -> 0.013297325 | AO38: =O$18*H$28/$D38 -> 0.014409681 | AP38: =R$18*I$28/$D38 -> 0.014138071 | AQ38: =U$18*J$28/$D38 -> 0.030540646 | AR38: =X$18*K$28/$D38 -> 0.030422451
D39: 180 | E39: =D$17*E$28/$D39 -> 65.620251 | F39: =G$17*F$28/$D39 -> 75.938309 | G39: =J$17*G$28/$D39 -> 45.671319 | H39: =M$17*H$28/$D39 -> 48.325065 | I39: =P$17*I$28/$D39 -> 60.014273 | J39: =S$17*J$28/$D39 -> 67.733064 | K39: =V$17*K$28/$D39 -> 54.388157 | M39: =D39 -> 180 | N39: =F$17*E$28/$D39 -> 41.463565 | O39: =I$17*F$28/$D39 -> 68.889477 | P39: =L$17*G$28/$D39 -> 40.139084 | Q39: =O$17*H$28/$D39 -> 35.585282 | R39: =R$17*I$28/$D39 -> 50.975861 | S39: =U$17*J$28/$D39 -> 41.4515 | T39: =X$17*K$28/$D39 -> 47.211184 | AB39: 130 | AC39: =D$18*E$28/$D39 -> 0.087771162 | AD39: =G$18*F$28/$D39 -> 0.14763111 | AE39: =J$18*G$28/$D39 -> 0.015158655 | AF39: =M$18*H$28/$D39 -> 0.028132564 | AG39: =P$18*I$28/$D39 -> 0.018704473 | AH39: =S$18*J$28/$D39 -> 0.1572972 | AI39: =V$18*K$28/$D39 -> 0.10951852 | AL39: =F$18*E$28/$D39 -> 0.027634851 | AM39: =I$18*F$28/$D39 -> 0.14402989 | AN39: =L$18*G$28/$D39 -> 0.012558585 | AO39: =O$18*H$28/$D39 -> 0.013609143 | AP39: =R$18*I$28/$D39 -> 0.013352623 | AQ39: =U$18*J$28/$D39 -> 0.028843943 | AR39: =X$18*K$28/$D39 -> 0.028732315
D40: 190 | E40: =D$17*E$28/$D40 -> 62.166553 | F40: =G$17*F$28/$D40 -> 71.941556 | G40: =J$17*G$28/$D40 -> 43.267566 | H40: =M$17*H$28/$D40 -> 45.781641 | I40: =P$17*I$28/$D40 -> 56.855627 | J40: =S$17*J$28/$D40 -> 64.168166 | K40: =V$17*K$28/$D40 -> 51.525623 | M40: =D40 -> 190 | N40: =F$17*E$28/$D40 -> 39.281272 | O40: =I$17*F$28/$D40 -> 65.263715 | P40: =L$17*G$28/$D40 -> 38.026501 | Q40: =O$17*H$28/$D40 -> 33.712372 | R40: =R$17*I$28/$D40 -> 48.292921 | S40: =U$17*J$28/$D40 -> 39.269842 | T40: =X$17*K$28/$D40 -> 44.726385 | AB40: 140 | AC40: =D$18*E$28/$D40 -> 0.083151627 | AD40: =G$18*F$28/$D40 -> 0.13986105 | AE40: =J$18*G$28/$D40 -> 0.014360831 | AF40: =M$18*H$28/$D40 -> 0.026651903 | AG40: =P$18*I$28/$D40 -> 0.017720027 | AH40: =S$18*J$28/$D40 -> 0.1490184 | AI40: =V$18*K$28/$D40 -> 0.10375439 | AL40: =F$18*E$28/$D40 -> 0.026180385 | AM40: =I$18*F$28/$D40 -> 0.13644937 | AN40: =L$18*G$28/$D40 -> 0.011897606 | AO40: =O$18*H$28/$D40 -> 0.012892872 | AP40: =R$18*I$28/$D40 -> 0.012649853 | AQ40: =U$18*J$28/$D40 -> 0.027325841 | AR40: =X$18*K$28/$D40 -> 0.027220088
D41: 200 | E41: =D$17*E$28/$D41 -> 59.058226 | F41: =G$17*F$28/$D41 -> 68.344478 | G41: =J$17*G$28/$D41 -> 41.104187 | H41: =M$17*H$28/$D41 -> 43.492559 | I41: =P$17*I$28/$D41 -> 54.012846 | J41: =S$17*J$28/$D41 -> 60.959757 | K41: =V$17*K$28/$D41 -> 48.949342 | M41: =D41 -> 200 | N41: =F$17*E$28/$D41 -> 37.317208 | O41: =I$17*F$28/$D41 -> 62.000529 | P41: =L$17*G$28/$D41 -> 36.125176 | Q41: =O$17*H$28/$D41 -> 32.026754 | R41: =R$17*I$28/$D41 -> 45.878275 | S41: =U$17*J$28/$D41 -> 37.30635 | T41: =X$17*K$28/$D41 -> 42.490065 | AB41: 150 | AC41: =D$18*E$28/$D41 -> 0.078994046 | AD41: =G$18*F$28/$D41 -> 0.132868 | AE41: =J$18*G$28/$D41 -> 0.013642789 | AF41: =M$18*H$28/$D41 -> 0.025319307 | AG41: =P$18*I$28/$D41 -> 0.016834025 | AH41: =S$18*J$28/$D41 -> 0.14156748 | AI41: =V$18*K$28/$D41 -> 0.098566671 | AL41: =F$18*E$28/$D41 -> 0.024871366 | AM41: =I$18*F$28/$D41 -> 0.1296269 | AN41: =L$18*G$28/$D41 -> 0.011302726 | AO41: =O$18*H$28/$D41 -> 0.012248229 | AP41: =R$18*I$28/$D41 -> 0.01201736 | AQ41: =U$18*J$28/$D41 -> 0.025959549 | AR41: =X$18*K$28/$D41 -> 0.025859083
D42: 210 | E42: =D$17*E$28/$D42 -> 56.245929 | F42: =G$17*F$28/$D42 -> 65.089979 | G42: =J$17*G$28/$D42 -> 39.146845 | H42: =M$17*H$28/$D42 -> 41.421485 | I42: =P$17*I$28/$D42 -> 51.440805 | J42: =S$17*J$28/$D42 -> 58.056912 | K42: =V$17*K$28/$D42 -> 46.618421 | M42: =D42 -> 210 | N42: =F$17*E$28/$D42 -> 35.540198 | O42: =I$17*F$28/$D42 -> 59.048123 | P42: =L$17*G$28/$D42 -> 34.404929 | Q42: =O$17*H$28/$D42 -> 30.50167 | R42: =R$17*I$28/$D42 -> 43.693595 | S42: =U$17*J$28/$D42 -> 35.529857 | T42: =X$17*K$28/$D42 -> 40.466729 | AB42: 160 | AC42: =D$18*E$28/$D42 -> 0.075232424 | AD42: =G$18*F$28/$D42 -> 0.12654095 | AE42: =J$18*G$28/$D42 -> 0.012993133 | AF42: =M$18*H$28/$D42 -> 0.024113626 | AG42: =P$18*I$28/$D42 -> 0.016032405 | AH42: =S$18*J$28/$D42 -> 0.13482617 | AI42: =V$18*K$28/$D42 -> 0.09387302 | AL42: =F$18*E$28/$D42 -> 0.023687015 | AM42: =I$18*F$28/$D42 -> 0.12345419 | AN42: =L$18*G$28/$D42 -> 0.010764501 | AO42: =O$18*H$28/$D42 -> 0.01166498 | AP42: =R$18*I$28/$D42 -> 0.011445105 | AQ42: =U$18*J$28/$D42 -> 0.02472338 | AR42: =X$18*K$28/$D42 -> 0.024627699
... D51: 300 | E51: =D$17*E$28/$D51 -> 39.37215 | F51: =G$17*F$28/$D51 -> 45.562985 | G51: =J$17*G$28/$D51 -> 27.402792 | H51: =M$17*H$28/$D51 -> 28.995039 | I51: =P$17*I$28/$D51 -> 36.008564 | J51: =S$17*J$28/$D51 -> 40.639838 | K51: =V$17*K$28/$D51 -> 32.632894 | M51: =D51 -> 300 | N51: =F$17*E$28/$D51 -> 24.878139 | O51: =I$17*F$28/$D51 -> 41.333686 | P51: =L$17*G$28/$D51 -> 24.08345 | Q51: =O$17*H$28/$D51 -> 21.351169 | R51: =R$17*I$28/$D51 -> 30.585516 | S51: =U$17*J$28/$D51 -> 24.8709 | T51: =X$17*K$28/$D51 -> 28.32671 | AB51: 250 | AC51: =D$18*E$28/$D51 -> 0.052662697 | AD51: =G$18*F$28/$D51 -> 0.088578667 | AE51: =J$18*G$28/$D51 -> 0.0090951929 | AF51: =M$18*H$28/$D51 -> 0.016879538 | AG51: =P$18*I$28/$D51 -> 0.011222684 | AH51: =S$18*J$28/$D51 -> 0.094378321 | AI51: =V$18*K$28/$D51 -> 0.065711114 | AL51: =F$18*E$28/$D51 -> 0.016580911 | AM51: =I$18*F$28/$D51 -> 0.086417934 | AN51: =L$18*G$28/$D51 -> 0.0075351508 | AO51: =O$18*H$28/$D51 -> 0.0081654857 | AP51: =R$18*I$28/$D51 -> 0.0080115736 | AQ51: =U$18*J$28/$D51 -> 0.017306366 | AR51: =X$18*K$28/$D51 -> 0.017239389
D52: Wh/kg
C55: Energy density - relative values (relative to NMC)
D56: EngDens rel to NMC | M56: EngDens rel to NMC | AB56: EngDens rel to NMC | AK56: EngDens rel to NMC
D57: 0.9 | E57: =D$17/D57 -> 96.280905 | F57: =G$17/$D57 -> 99.612667 | G57: =J$17/$D57 -> 58.150394 | H57: =M$17/$D57 -> 56.221313 | I57: =P$17/$D57 -> 96.719215 | J57: =S$17/$D57 -> 49.782715 | K57: =V$17/$D57 -> 55.09929 | M57: 0.9 | N57: =F$17/M57 -> 60.837158 | O57: =I$17/$D57 -> 90.366308 | P57: =L$17/$D57 -> 51.106549 | Q57: =O$17/$D57 -> 41.399867 | R57: =R$17/$D57 -> 82.152878 | S57: =U$17/$D57 -> 30.466188 | T57: =X$17/$D57 -> 47.828476 | AB57: 0.9 | AC57: =D$18/AB57 -> 0.12878169 | AD57: =G$18/$D57 -> 0.19365626 | AE57: =J$18/$D57 -> 0.019300554 | AF57: =M$18/$D57 -> 0.032729385 | AG57: =P$18/$D57 -> 0.030144194 | AH57: =S$18/$D57 -> 0.11561092 | AI57: =V$18/$D57 -> 0.11095049 | AK57: 0.9 | AL57: =F$18/AK57 -> 0.040547063 | AM57: =I$18/$D57 -> 0.18893233 | AN57: =L$18/$D57 -> 0.015990049 | AO57: =O$18/$D57 -> 0.015832858 | AP57: =R$18/$D57 -> 0.021519134 | AQ57: =U$18/$D57 -> 0.021199836 | AR57: =X$18/$D57 -> 0.029107994
D58: 0.95 | E58: =D$17/D58 -> 91.213489 | F58: =G$17/$D58 -> 94.369895 | G58: =J$17/$D58 -> 55.089847 | H58: =M$17/$D58 -> 53.262297 | I58: =P$17/$D58 -> 91.62873 | J58: =S$17/$D58 -> 47.162572 | K58: =V$17/$D58 -> 52.199327 | M58: 0.95 | N58: =F$17/M58 -> 57.635202 | O58: =I$17/$D58 -> 85.610186 | P58: =L$17/$D58 -> 48.416731 | Q58: =O$17/$D58 -> 39.220927 | R58: =R$17/$D58 -> 77.829042 | S58: =U$17/$D58 -> 28.862704 | T58: =X$17/$D58 -> 45.311188 | AB58: 0.95 | AC58: =D$18/AB58 -> 0.12200371 | AD58: =G$18/$D58 -> 0.18346383 | AE58: =J$18/$D58 -> 0.018284735 | AF58: =M$18/$D58 -> 0.031006786 | AG58: =P$18/$D58 -> 0.028557658 | AH58: =S$18/$D58 -> 0.10952613 | AI58: =V$18/$D58 -> 0.10511099 | AK58: 0.95 | AL58: =F$18/AK58 -> 0.038413007 | AM58: =I$18/$D58 -> 0.17898852 | AN58: =L$18/$D58 -> 0.015148468 | AO58: =O$18/$D58 -> 0.014999549 | AP58: =R$18/$D58 -> 0.020386548 | AQ58: =U$18/$D58 -> 0.020084055 | AR58: =X$18/$D58 -> 0.027575994
D59: 1 | E59: =D$17/D59 -> 86.652814 | F59: =G$17/$D59 -> 89.651401 | G59: =J$17/$D59 -> 52.335354 | H59: =M$17/$D59 -> 50.599182 | I59: =P$17/$D59 -> 87.047293 | J59: =S$17/$D59 -> 44.804444 | K59: =V$17/$D59 -> 49.589361 | M59: 1 | N59: =F$17/M59 -> 54.753442 | O59: =I$17/$D59 -> 81.329677 | P59: =L$17/$D59 -> 45.995894 | Q59: =O$17/$D59 -> 37.25988 | R59: =R$17/$D59 -> 73.93759 | S59: =U$17/$D59 -> 27.419569 | T59: =X$17/$D59 -> 43.045629 | AB59: 1 | AC59: =D$18/AB59 -> 0.11590352 | AD59: =G$18/$D59 -> 0.17429063 | AE59: =J$18/$D59 -> 0.017370498 | AF59: =M$18/$D59 -> 0.029456447 | AG59: =P$18/$D59 -> 0.027129775 | AH59: =S$18/$D59 -> 0.10404983 | AI59: =V$18/$D59 -> 0.099855443 | AK59: 1 | AL59: =F$18/AK59 -> 0.036492357 | AM59: =I$18/$D59 -> 0.1700391 | AN59: =L$18/$D59 -> 0.014391044 | AO59: =O$18/$D59 -> 0.014249572 | AP59: =R$18/$D59 -> 0.019367221 | AQ59: =U$18/$D59 -> 0.019079852 | AR59: =X$18/$D59 -> 0.026197194
D60: 1.05 | E60: =D$17/D60 -> 82.52649 | F60: =G$17/$D60 -> 85.382286 | G60: =J$17/$D60 -> 49.843195 | H60: =M$17/$D60 -> 48.189697 | I60: =P$17/$D60 -> 82.902184 | J60: =S$17/$D60 -> 42.670899 | K60: =V$17/$D60 -> 47.227963 | M60: 1.05 | N60: =F$17/M60 -> 52.146135 | O60: =I$17/$D60 -> 77.456835 | P60: =L$17/$D60 -> 43.805614 | Q60: =O$17/$D60 -> 35.4856 | R60: =R$17/$D60 -> 70.416753 | S60: =U$17/$D60 -> 26.113875 | T60: =X$17/$D60 -> 40.995837 | AB60: 1.05 | AC60: =D$18/AB60 -> 0.11038431 | AD60: =G$18/$D60 -> 0.16599108 | AE60: =J$18/$D60 -> 0.016543332 | AF60: =M$18/$D60 -> 0.028053759 | AG60: =P$18/$D60 -> 0.025837881 | AH60: =S$18/$D60 -> 0.099095074 | AI60: =V$18/$D60 -> 0.095100422 | AK60: 1.05 | AL60: =F$18/AK60 -> 0.034754626 | AM60: =I$18/$D60 -> 0.161942 | AN60: =L$18/$D60 -> 0.013705756 | AO60: =O$18/$D60 -> 0.013571021 | AP60: =R$18/$D60 -> 0.018444972 | AQ60: =U$18/$D60 -> 0.018171288 | AR60: =X$18/$D60 -> 0.024949709
D61: 1.1 | E61: =D$17/D61 -> 78.775286 | F61: =G$17/$D61 -> 81.501273 | G61: =J$17/$D61 -> 47.577595 | H61: =M$17/$D61 -> 45.999256 | I61: =P$17/$D61 -> 79.133903 | J61: =S$17/$D61 -> 40.731313 | K61: =V$17/$D61 -> 45.081237 | M61: 1.1 | N61: =F$17/M61 -> 49.775856 | O61: =I$17/$D61 -> 73.93607 | P61: =L$17/$D61 -> 41.81445 | Q61: =O$17/$D61 -> 33.872618 | R61: =R$17/$D61 -> 67.215991 | S61: =U$17/$D61 -> 24.926881 | T61: =X$17/$D61 -> 39.13239 | AB61: 1.1 | AC61: =D$18/AB61 -> 0.10536684 | AD61: =G$18/$D61 -> 0.15844603 | AE61: =J$18/$D61 -> 0.015791362 | AF61: =M$18/$D61 -> 0.026778588 | AG61: =P$18/$D61 -> 0.024663432 | AH61: =S$18/$D61 -> 0.094590753 | AI61: =V$18/$D61 -> 0.090777676 | AK61: 1.1 | AL61: =F$18/AK61 -> 0.03317487 | AM61: =I$18/$D61 -> 0.154581 | AN61: =L$18/$D61 -> 0.013082768 | AO61: =O$18/$D61 -> 0.012954156 | AP61: =R$18/$D61 -> 0.017606564 | AQ61: =U$18/$D61 -> 0.01734532 | AR61: =X$18/$D61 -> 0.023815631
D62: 1.15 | E62: =D$17/D62 -> 75.350273 | F62: =G$17/$D62 -> 77.95774 | G62: =J$17/$D62 -> 45.509004 | H62: =M$17/$D62 -> 43.999289 | I62: =P$17/$D62 -> 75.693299 | J62: =S$17/$D62 -> 38.960386 | K62: =V$17/$D62 -> 43.121183 | M62: 1.15 | N62: =F$17/M62 -> 47.611689 | O62: =I$17/$D62 -> 70.721458 | P62: =L$17/$D62 -> 39.99643 | Q62: =O$17/$D62 -> 32.399896 | R62: =R$17/$D62 -> 64.293557 | S62: =U$17/$D62 -> 23.843103 | T62: =X$17/$D62 -> 37.430981 | AB62: 1.15 | AC62: =D$18/AB62 -> 0.10078567 | AD62: =G$18/$D62 -> 0.15155707 | AE62: =J$18/$D62 -> 0.015104781 | AF62: =M$18/$D62 -> 0.025614302 | AG62: =P$18/$D62 -> 0.023591109 | AH62: =S$18/$D62 -> 0.090478111 | AI62: =V$18/$D62 -> 0.08683082 | AK62: 1.15 | AL62: =F$18/AK62 -> 0.031732484 | AM62: =I$18/$D62 -> 0.14786008 | AN62: =L$18/$D62 -> 0.012513952 | AO62: =O$18/$D62 -> 0.012390932 | AP62: =R$18/$D62 -> 0.016841061 | AQ62: =U$18/$D62 -> 0.016591176 | AR62: =X$18/$D62 -> 0.022780169
D63: 1.2 | E63: =D$17/D63 -> 72.210679 | F63: =G$17/$D63 -> 74.709501 | G63: =J$17/$D63 -> 43.612795 | H63: =M$17/$D63 -> 42.165985 | I63: =P$17/$D63 -> 72.539411 | J63: =S$17/$D63 -> 37.337036 | K63: =V$17/$D63 -> 41.324467 | M63: 1.2 | N63: =F$17/M63 -> 45.627868 | O63: =I$17/$D63 -> 67.774731 | P63: =L$17/$D63 -> 38.329912 | Q63: =O$17/$D63 -> 31.0499 | R63: =R$17/$D63 -> 61.614658 | S63: =U$17/$D63 -> 22.849641 | T63: =X$17/$D63 -> 35.871357 | AB63: 1.2 | AC63: =D$18/AB63 -> 0.096586269 | AD63: =G$18/$D63 -> 0.1452422 | AE63: =J$18/$D63 -> 0.014475415 | AF63: =M$18/$D63 -> 0.024547039 | AG63: =P$18/$D63 -> 0.022608146 | AH63: =S$18/$D63 -> 0.08670819 | AI63: =V$18/$D63 -> 0.083212869 | AK63: 1.2 | AL63: =F$18/AK63 -> 0.030410297 | AM63: =I$18/$D63 -> 0.14169925 | AN63: =L$18/$D63 -> 0.011992537 | AO63: =O$18/$D63 -> 0.011874643 | AP63: =R$18/$D63 -> 0.016139351 | AQ63: =U$18/$D63 -> 0.015899877 | AR63: =X$18/$D63 -> 0.021830995
D64: 1.25 | E64: =D$17/D64 -> 69.322251 | F64: =G$17/$D64 -> 71.721121 | G64: =J$17/$D64 -> 41.868284 | H64: =M$17/$D64 -> 40.479346 | I64: =P$17/$D64 -> 69.637835 | J64: =S$17/$D64 -> 35.843555 | K64: =V$17/$D64 -> 39.671489 | M64: 1.25 | N64: =F$17/M64 -> 43.802754 | O64: =I$17/$D64 -> 65.063742 | P64: =L$17/$D64 -> 36.796716 | Q64: =O$17/$D64 -> 29.807904 | R64: =R$17/$D64 -> 59.150072 | S64: =U$17/$D64 -> 21.935655 | T64: =X$17/$D64 -> 34.436503 | AB64: 1.25 | AC64: =D$18/AB64 -> 0.092722818 | AD64: =G$18/$D64 -> 0.13943251 | AE64: =J$18/$D64 -> 0.013896399 | AF64: =M$18/$D64 -> 0.023565157 | AG64: =P$18/$D64 -> 0.02170382 | AH64: =S$18/$D64 -> 0.083239862 | AI64: =V$18/$D64 -> 0.079884355 | AK64: 1.25 | AL64: =F$18/AK64 -> 0.029193885 | AM64: =I$18/$D64 -> 0.13603128 | AN64: =L$18/$D64 -> 0.011512835 | AO64: =O$18/$D64 -> 0.011399658 | AP64: =R$18/$D64 -> 0.015493777 | AQ64: =U$18/$D64 -> 0.015263882 | AR64: =X$18/$D64 -> 0.020957756
D65: 1.3 | E65: =D$17/D65 -> 66.656011 | F65: =G$17/$D65 -> 68.962616 | G65: =J$17/$D65 -> 40.257965 | H65: =M$17/$D65 -> 38.922448 | I65: =P$17/$D65 -> 66.959457 | J65: =S$17/$D65 -> 34.464957 | K65: =V$17/$D65 -> 38.145662 | M65: 1.3 | N65: =F$17/M65 -> 42.118032 | O65: =I$17/$D65 -> 62.56129 | P65: =L$17/$D65 -> 35.381457 | Q65: =O$17/$D65 -> 28.661446 | R65: =R$17/$D65 -> 56.875069 | S65: =U$17/$D65 -> 21.091976 | T65: =X$17/$D65 -> 33.112022 | AB65: 1.3 | AC65: =D$18/AB65 -> 0.089156556 | AD65: =G$18/$D65 -> 0.13406972 | AE65: =J$18/$D65 -> 0.013361922 | AF65: =M$18/$D65 -> 0.022658805 | AG65: =P$18/$D65 -> 0.020869058 | AH65: =S$18/$D65 -> 0.080038329 | AI65: =V$18/$D65 -> 0.076811879 | AK65: 1.3 | AL65: =F$18/AK65 -> 0.028071044 | AM65: =I$18/$D65 -> 0.1307993 | AN65: =L$18/$D65 -> 0.011070034 | AO65: =O$18/$D65 -> 0.010961209 | AP65: =R$18/$D65 -> 0.014897862 | AQ65: =U$18/$D65 -> 0.014676809 | AR65: =X$18/$D65 -> 0.020151688
D66: 1.35 | E66: =D$17/D66 -> 64.18727 | F66: =G$17/$D66 -> 66.408445 | G66: =J$17/$D66 -> 38.766929 | H66: =M$17/$D66 -> 37.480876 | I66: =P$17/$D66 -> 64.479477 | J66: =S$17/$D66 -> 33.188477 | K66: =V$17/$D66 -> 36.73286 | M66: 1.35 | N66: =F$17/M66 -> 40.558105 | O66: =I$17/$D66 -> 60.244205 | P66: =L$17/$D66 -> 34.071033 | Q66: =O$17/$D66 -> 27.599911 | R66: =R$17/$D66 -> 54.768585 | S66: =U$17/$D66 -> 20.310792 | T66: =X$17/$D66 -> 31.885651 | AB66: 1.35 | AC66: =D$18/AB66 -> 0.085854461 | AD66: =G$18/$D66 -> 0.12910417 | AE66: =J$18/$D66 -> 0.012867036 | AF66: =M$18/$D66 -> 0.02181959 | AG66: =P$18/$D66 -> 0.020096129 | AH66: =S$18/$D66 -> 0.077073947 | AI66: =V$18/$D66 -> 0.073966995 | AK66: 1.35 | AL66: =F$18/AK66 -> 0.027031375 | AM66: =I$18/$D66 -> 0.12595489 | AN66: =L$18/$D66 -> 0.010660033 | AO66: =O$18/$D66 -> 0.010555239 | AP66: =R$18/$D66 -> 0.014346089 | AQ66: =U$18/$D66 -> 0.014133224 | AR66: =X$18/$D66 -> 0.019405329
D67: 1.4 | E67: =D$17/D67 -> 61.894867 | F67: =G$17/$D67 -> 64.036715 | G67: =J$17/$D67 -> 37.382396 | H67: =M$17/$D67 -> 36.142273 | I67: =P$17/$D67 -> 62.176638 | J67: =S$17/$D67 -> 32.003174 | K67: =V$17/$D67 -> 35.420972 | M67: 1.4 | N67: =F$17/M67 -> 39.109601 | O67: =I$17/$D67 -> 58.092626 | P67: =L$17/$D67 -> 32.85421 | Q67: =O$17/$D67 -> 26.6142 | R67: =R$17/$D67 -> 52.812564 | S67: =U$17/$D67 -> 19.585406 | T67: =X$17/$D67 -> 30.746878 | AB67: 1.4 | AC67: =D$18/AB67 -> 0.08278823 | AD67: =G$18/$D67 -> 0.12449331 | AE67: =J$18/$D67 -> 0.012407499 | AF67: =M$18/$D67 -> 0.021040319 | AG67: =P$18/$D67 -> 0.019378411 | AH67: =S$18/$D67 -> 0.074321306 | AI67: =V$18/$D67 -> 0.071325317 | AK67: 1.4 | AL67: =F$18/AK67 -> 0.026065969 | AM67: =I$18/$D67 -> 0.1214565 | AN67: =L$18/$D67 -> 0.010279317 | AO67: =O$18/$D67 -> 0.010178266 | AP67: =R$18/$D67 -> 0.013833729 | AQ67: =U$18/$D67 -> 0.013628466 | AR67: =X$18/$D67 -> 0.018712282
D68: 1.45 | E68: =D$17/D68 -> 59.760562 | F68: =G$17/$D68 -> 61.828552 | G68: =J$17/$D68 -> 36.093348 | H68: =M$17/$D68 -> 34.895988 | I68: =P$17/$D68 -> 60.032616 | J68: =S$17/$D68 -> 30.899616 | K68: =V$17/$D68 -> 34.199559 | M68: 1.45 | N68: =F$17/M68 -> 37.760994 | O68: =I$17/$D68 -> 56.089432 | P68: =L$17/$D68 -> 31.721307 | Q68: =O$17/$D68 -> 25.696469 | R68: =R$17/$D68 -> 50.991441 | S68: =U$17/$D68 -> 18.910048 | T68: =X$17/$D68 -> 29.68664 | AB68: 1.45 | AC68: =D$18/AB68 -> 0.079933464 | AD68: =G$18/$D68 -> 0.12020044 | AE68: =J$18/$D68 -> 0.011979654 | AF68: =M$18/$D68 -> 0.020314791 | AG68: =P$18/$D68 -> 0.01871019 | AH68: =S$18/$D68 -> 0.071758502 | AI68: =V$18/$D68 -> 0.068865823 | AK68: 1.45 | AL68: =F$18/AK68 -> 0.025167143 | AM68: =I$18/$D68 -> 0.11726834 | AN68: =L$18/$D68 -> 0.0099248581 | AO68: =O$18/$D68 -> 0.009827291 | AP68: =R$18/$D68 -> 0.013356704 | AQ68: =U$18/$D68 -> 0.013158519 | AR68: =X$18/$D68 -> 0.018067031
... D79: 2 | E79: =D$17/D79 -> 43.326407 | F79: =G$17/$D79 -> 44.8257 | G79: =J$17/$D79 -> 26.167677 | H79: =M$17/$D79 -> 25.299591 | I79: =P$17/$D79 -> 43.523647 | J79: =S$17/$D79 -> 22.402222 | K79: =V$17/$D79 -> 24.79468 | M79: 2 | N79: =F$17/M79 -> 27.376721 | O79: =I$17/$D79 -> 40.664838 | P79: =L$17/$D79 -> 22.997947 | Q79: =O$17/$D79 -> 18.62994 | R79: =R$17/$D79 -> 36.968795 | S79: =U$17/$D79 -> 13.709784 | T79: =X$17/$D79 -> 21.522814 | AB79: 2 | AC79: =D$18/AB79 -> 0.057951761 | AD79: =G$18/$D79 -> 0.087145317 | AE79: =J$18/$D79 -> 0.0086852491 | AF79: =M$18/$D79 -> 0.014728223 | AG79: =P$18/$D79 -> 0.013564887 | AH79: =S$18/$D79 -> 0.052024914 | AI79: =V$18/$D79 -> 0.049927722 | AK79: 2 | AL79: =F$18/AK79 -> 0.018246178 | AM79: =I$18/$D79 -> 0.085019548 | AN79: =L$18/$D79 -> 0.0071955221 | AO79: =O$18/$D79 -> 0.007124786 | AP79: =R$18/$D79 -> 0.0096836104 | AQ79: =U$18/$D79 -> 0.009539926 | AR79: =X$18/$D79 -> 0.013098597
A84: ENERGY DENSITY | D84: Energy density | E84: =E28 -> 136.31 | F84: =F28 -> 152.46717 | G84: =G28 -> 157.08 | H84: =H28 -> 171.91013 | I84: =I28 -> 124.1 | J84: =J28 -> 272.11478 | K84: =K28 -> 197.41872 | L84: Wh/kg
B85: ADP | D85: Production - ADP | M85: Net - ADP | Z85: AP
D86: Energy density - absolute values | E86: =E30 -> NaNMC | F86: =F30 -> NaMVP | G86: =G30 -> NaMMO | H86: =H30 -> NaNMMT | I86: =I30 -> NaPBA | J86: =J30 -> LiNMC | K86: =K30 -> LiFP | M86: =D86 -> Energy density - absolute values | N86: =E86 -> NaNMC | O86: =F86 -> NaMVP | P86: =G86 -> NaMMO | Q86: =H86 -> NaNMMT | R86: =I86 -> NaPBA | S86: =J86 -> LiNMC | T86: =K86 -> LiFP | AB86: Energy density - absolute values | AC86: =AC30 -> NaNMC | AD86: =AD30 -> NaMVP | AE86: =AE30 -> NaMMO | AF86: =AF30 -> NaNMMT | AG86: =AG30 -> NaPBA | AH86: =AH30 -> LiNMC | AI86: =AI30 -> LiFP | AK86: =AB86 -> Energy density - absolute values | AL86: =AC86 -> NaNMC | AM86: =AD86 -> NaMVP | AN86: =AE86 -> NaMMO | AO86: =AF86 -> NaNMMT | AP86: =AG86 -> NaPBA | AQ86: =AH86 -> LiNMC | AR86: =AI86 -> LiFP
D87: =D31 -> 100 | E87: =D$19*E$28/$D87 -> 0.049334794 | F87: =G$19*F$28/$D87 -> 0.01192996 | G87: =J$19*G$28/$D87 -> 0.0083357316 | H87: =M$19*H$28/$D87 -> 0.015623945 | I87: =P$19*I$28/$D87 -> 0.009963495 | J87: =S$19*J$28/$D87 -> 0.086372993 | K87: =V$19*K$28/$D87 -> 0.060726155 | M87: =D87 -> 100 | N87: =F$19*E$28/$D87 -> 0.010848489 | O87: =I$19*F$28/$D87 -> 0.0059649798 | P87: =L$19*G$28/$D87 -> 0.0022824027 | Q87: =O$19*H$28/$D87 -> 0.0050994819 | R87: =R$19*I$28/$D87 -> 0.0026465533 | S87: =U$19*J$28/$D87 -> 0.0046363237 | T87: =X$19*K$28/$D87 -> 0.011495486 | AB87: 50 | AC87: =D$16*E$28/$D87 -> 1.349862 | AD87: =I$16*F$28/$D87 -> 0.97623629 | AE87: =F$16*G$28/$D87 -> 0.58499122 | AF87: =G$16*H$28/$D87 -> 1.4703133 | AG87: =H$16*I$28/$D87 -> -0.26679941 | AH87: =I$16*J$28/$D87 -> 1.7423313 | AI87: =J$16*K$28/$D87 -> 0.98428069 | AK87: =AB87 -> 50 | AL87: =F$16*E$28/$D87 -> 0.50764039 | AM87: =I$16*F$28/$D87 -> 0.97623629 | AN87: =L$16*G$28/$D87 -> 0.32489506 | AO87: =O$16*H$28/$D87 -> 0.33352782 | AP87: =R$16*I$28/$D87 -> 0.36187725 | AQ87: =U$16*J$28/$D87 -> 0.40954192 | AR87: =X$16*K$28/$D87 -> 0.43270509
D88: =D32 -> 110 | E88: =D$19*E$28/$D88 -> 0.044849813 | F88: =G$19*F$28/$D88 -> 0.010845418 | G88: =J$19*G$28/$D88 -> 0.0075779379 | H88: =M$19*H$28/$D88 -> 0.014203586 | I88: =P$19*I$28/$D88 -> 0.0090577227 | J88: =S$19*J$28/$D88 -> 0.078520903 | K88: =V$19*K$28/$D88 -> 0.055205595 | M88: =D88 -> 110 | N88: =F$19*E$28/$D88 -> 0.0098622625 | O88: =I$19*F$28/$D88 -> 0.0054227089 | P88: =L$19*G$28/$D88 -> 0.0020749116 | Q88: =O$19*H$28/$D88 -> 0.0046358926 | R88: =R$19*I$28/$D88 -> 0.0024059576 | S88: =U$19*J$28/$D88 -> 0.0042148397 | T88: =X$19*K$28/$D88 -> 0.010450442 | AB88: 60 | AC88: =D$16*E$28/$D88 -> 1.2271472 | AD88: =E$16*F$28/$D88 -> -0.85641112 | AE88: =F$16*G$28/$D88 -> 0.5318102 | AF88: =G$16*H$28/$D88 -> 1.3366484 | AG88: =H$16*I$28/$D88 -> -0.24254491 | AH88: =I$16*J$28/$D88 -> 1.5839375 | AI88: =J$16*K$28/$D88 -> 0.89480062 | AK88: =AB88 -> 60 | AL88: =F$16*E$28/$D88 -> 0.46149127 | AM88: =I$16*F$28/$D88 -> 0.88748754 | AN88: =L$16*G$28/$D88 -> 0.29535915 | AO88: =O$16*H$28/$D88 -> 0.30320711 | AP88: =R$16*I$28/$D88 -> 0.32897932 | AQ88: =U$16*J$28/$D88 -> 0.37231084 | AR88: =X$16*K$28/$D88 -> 0.39336826
D89: =D33 -> 120 | E89: =D$19*E$28/$D89 -> 0.041112328 | F89: =G$19*F$28/$D89 -> 0.009941633 | G89: =J$19*G$28/$D89 -> 0.006946443 | H89: =M$19*H$28/$D89 -> 0.013019954 | I89: =P$19*I$28/$D89 -> 0.0083029125 | J89: =S$19*J$28/$D89 -> 0.071977494 | K89: =V$19*K$28/$D89 -> 0.050605129 | M89: =D89 -> 120 | N89: =F$19*E$28/$D89 -> 0.0090404073 | O89: =I$19*F$28/$D89 -> 0.0049708165 | P89: =L$19*G$28/$D89 -> 0.0019020023 | Q89: =O$19*H$28/$D89 -> 0.0042495683 | R89: =R$19*I$28/$D89 -> 0.0022054611 | S89: =U$19*J$28/$D89 -> 0.0038636031 | T89: =X$19*K$28/$D89 -> 0.0095795717 | AB89: 70 | AC89: =D$16*E$28/$D89 -> 1.124885 | AD89: =E$16*F$28/$D89 -> -0.78504353 | AE89: =F$16*G$28/$D89 -> 0.48749268 | AF89: =G$16*H$28/$D89 -> 1.2252611 | AG89: =H$16*I$28/$D89 -> -0.22233284 | AH89: =I$16*J$28/$D89 -> 1.4519428 | AI89: =J$16*K$28/$D89 -> 0.82023391 | AK89: =AB89 -> 70 | AL89: =F$16*E$28/$D89 -> 0.42303366 | AM89: =I$16*F$28/$D89 -> 0.81353024 | AN89: =L$16*G$28/$D89 -> 0.27074589 | AO89: =O$16*H$28/$D89 -> 0.27793985 | AP89: =R$16*I$28/$D89 -> 0.30156438 | AQ89: =U$16*J$28/$D89 -> 0.34128494 | AR89: =X$16*K$28/$D89 -> 0.36058758
D90: =D34 -> 130 | E90: =D$19*E$28/$D90 -> 0.037949842 | F90: =G$19*F$28/$D90 -> 0.009176892 | G90: =J$19*G$28/$D90 -> 0.0064121013 | H90: =M$19*H$28/$D90 -> 0.012018419 | I90: =P$19*I$28/$D90 -> 0.0076642269 | J90: =S$19*J$28/$D90 -> 0.066440764 | K90: =V$19*K$28/$D90 -> 0.046712427 | M90: =D90 -> 130 | N90: =F$19*E$28/$D90 -> 0.0083449913 | O90: =I$19*F$28/$D90 -> 0.004588446 | P90: =L$19*G$28/$D90 -> 0.0017556944 | Q90: =O$19*H$28/$D90 -> 0.0039226784 | R90: =R$19*I$28/$D90 -> 0.0020358103 | S90: =U$19*J$28/$D90 -> 0.0035664028 | T90: =X$19*K$28/$D90 -> 0.0088426816 | AB90: 80 | AC90: =D$16*E$28/$D90 -> 1.0383553 | AD90: =E$16*F$28/$D90 -> -0.72465556 | AE90: =F$16*G$28/$D90 -> 0.44999324 | AF90: =G$16*H$28/$D90 -> 1.1310102 | AG90: =H$16*I$28/$D90 -> -0.20523031 | AH90: =I$16*J$28/$D90 -> 1.3402548 | AI90: =J$16*K$28/$D90 -> 0.75713899 | AK90: =AB90 -> 80 | AL90: =F$16*E$28/$D90 -> 0.39049261 | AM90: =I$16*F$28/$D90 -> 0.75095099 | AN90: =L$16*G$28/$D90 -> 0.24991928 | AO90: =O$16*H$28/$D90 -> 0.25655986 | AP90: =R$16*I$28/$D90 -> 0.27836712 | AQ90: =U$16*J$28/$D90 -> 0.31503225 | AR90: =X$16*K$28/$D90 -> 0.33285007
D91: =D35 -> 140 | E91: =D$19*E$28/$D91 -> 0.035239139 | F91: =G$19*F$28/$D91 -> 0.0085213997 | G91: =J$19*G$28/$D91 -> 0.005954094 | H91: =M$19*H$28/$D91 -> 0.01115996 | I91: =P$19*I$28/$D91 -> 0.0071167821 | J91: =S$19*J$28/$D91 -> 0.061694995 | K91: =V$19*K$28/$D91 -> 0.043375825 | M91: =D91 -> 140 | N91: =F$19*E$28/$D91 -> 0.0077489205 | O91: =I$19*F$28/$D91 -> 0.0042606999 | P91: =L$19*G$28/$D91 -> 0.0016302877 | Q91: =O$19*H$28/$D91 -> 0.0036424871 | R91: =R$19*I$28/$D91 -> 0.0018903952 | S91: =U$19*J$28/$D91 -> 0.0033116598 | T91: =X$19*K$28/$D91 -> 0.0082110615 | AB91: 90 | AC91: =D$16*E$28/$D91 -> 0.96418711 | AD91: =E$16*F$28/$D91 -> -0.67289445 | AE91: =F$16*G$28/$D91 -> 0.41785087 | AF91: =G$16*H$28/$D91 -> 1.0502238 | AG91: =H$16*I$28/$D91 -> -0.190571 | AH91: =I$16*J$28/$D91 -> 1.2445224 | AI91: =J$16*K$28/$D91 -> 0.70305763 | AK91: =AB91 -> 90 | AL91: =F$16*E$28/$D91 -> 0.36260028 | AM91: =I$16*F$28/$D91 -> 0.69731164 | AN91: =L$16*G$28/$D91 -> 0.2320679 | AO91: =O$16*H$28/$D91 -> 0.23823415 | AP91: =R$16*I$28/$D91 -> 0.25848375 | AQ91: =U$16*J$28/$D91 -> 0.29252995 | AR91: =X$16*K$28/$D91 -> 0.30907506
D92: =D36 -> 150 | E92: =D$19*E$28/$D92 -> 0.032889863 | F92: =G$19*F$28/$D92 -> 0.0079533064 | G92: =J$19*G$28/$D92 -> 0.0055571544 | H92: =M$19*H$28/$D92 -> 0.010415963 | I92: =P$19*I$28/$D92 -> 0.00664233 | J92: =S$19*J$28/$D92 -> 0.057581995 | K92: =V$19*K$28/$D92 -> 0.040484103 | M92: =D92 -> 150 | N92: =F$19*E$28/$D92 -> 0.0072323258 | O92: =I$19*F$28/$D92 -> 0.0039766532 | P92: =L$19*G$28/$D92 -> 0.0015216018 | Q92: =O$19*H$28/$D92 -> 0.0033996546 | R92: =R$19*I$28/$D92 -> 0.0017643689 | S92: =U$19*J$28/$D92 -> 0.0030908824 | T92: =X$19*K$28/$D92 -> 0.0076636574 | AB92: 100 | AC92: =D$16*E$28/$D92 -> 0.89990797 | AD92: =E$16*F$28/$D92 -> -0.62803482 | AE92: =F$16*G$28/$D92 -> 0.38999415 | AF92: =G$16*H$28/$D92 -> 0.98020886 | AG92: =H$16*I$28/$D92 -> -0.17786627 | AH92: =I$16*J$28/$D92 -> 1.1615542 | AI92: =J$16*K$28/$D92 -> 0.65618712 | AK92: =AB92 -> 100 | AL92: =F$16*E$28/$D92 -> 0.33842693 | AM92: =I$16*F$28/$D92 -> 0.6508242 | AN92: =L$16*G$28/$D92 -> 0.21659671 | AO92: =O$16*H$28/$D92 -> 0.22235188 | AP92: =R$16*I$28/$D92 -> 0.2412515 | AQ92: =U$16*J$28/$D92 -> 0.27302795 | AR92: =X$16*K$28/$D92 -> 0.28847006
D93: =D37 -> 160 | E93: =D$19*E$28/$D93 -> 0.030834246 | F93: =G$19*F$28/$D93 -> 0.0074562248 | G93: =J$19*G$28/$D93 -> 0.0052098323 | H93: =M$19*H$28/$D93 -> 0.0097649653 | I93: =P$19*I$28/$D93 -> 0.0062271843 | J93: =S$19*J$28/$D93 -> 0.053983121 | K93: =V$19*K$28/$D93 -> 0.037953847 | M93: =D93 -> 160 | N93: =F$19*E$28/$D93 -> 0.0067803055 | O93: =I$19*F$28/$D93 -> 0.0037281124 | P93: =L$19*G$28/$D93 -> 0.0014265017 | Q93: =O$19*H$28/$D93 -> 0.0031871762 | R93: =R$19*I$28/$D93 -> 0.0016540958 | S93: =U$19*J$28/$D93 -> 0.0028977023 | T93: =X$19*K$28/$D93 -> 0.0071846788 | AB93: 110 | AC93: =D$16*E$28/$D93 -> 0.84366372 | AD93: =E$16*F$28/$D93 -> -0.58878265 | AE93: =F$16*G$28/$D93 -> 0.36561951 | AF93: =G$16*H$28/$D93 -> 0.91894581 | AG93: =H$16*I$28/$D93 -> -0.16674963 | AH93: =I$16*J$28/$D93 -> 1.0889571 | AI93: =J$16*K$28/$D93 -> 0.61517543 | AK93: =AB93 -> 110 | AL93: =F$16*E$28/$D93 -> 0.31727525 | AM93: =I$16*F$28/$D93 -> 0.61014768 | AN93: =L$16*G$28/$D93 -> 0.20305942 | AO93: =O$16*H$28/$D93 -> 0.20845489 | AP93: =R$16*I$28/$D93 -> 0.22617328 | AQ93: =U$16*J$28/$D93 -> 0.2559637 | AR93: =X$16*K$28/$D93 -> 0.27044068
D94: =D38 -> 170 | E94: =D$19*E$28/$D94 -> 0.029020467 | F94: =G$19*F$28/$D94 -> 0.0070176233 | G94: =J$19*G$28/$D94 -> 0.0049033716 | H94: =M$19*H$28/$D94 -> 0.0091905556 | I94: =P$19*I$28/$D94 -> 0.0058608794 | J94: =S$19*J$28/$D94 -> 0.050807643 | K94: =V$19*K$28/$D94 -> 0.035721267 | M94: =D94 -> 170 | N94: =F$19*E$28/$D94 -> 0.006381464 | O94: =I$19*F$28/$D94 -> 0.0035088117 | P94: =L$19*G$28/$D94 -> 0.0013425898 | Q94: =O$19*H$28/$D94 -> 0.0029996952 | R94: =R$19*I$28/$D94 -> 0.0015567961 | S94: =U$19*J$28/$D94 -> 0.0027272492 | T94: =X$19*K$28/$D94 -> 0.0067620506 | AB94: 120 | AC94: =D$16*E$28/$D94 -> 0.79403644 | AD94: =E$16*F$28/$D94 -> -0.55414837 | AE94: =F$16*G$28/$D94 -> 0.34411248 | AF94: =G$16*H$28/$D94 -> 0.86489017 | AG94: =H$16*I$28/$D94 -> -0.15694083 | AH94: =I$16*J$28/$D94 -> 1.0249008 | AI94: =J$16*K$28/$D94 -> 0.57898864 | AK94: =AB94 -> 120 | AL94: =F$16*E$28/$D94 -> 0.298612 | AM94: =I$16*F$28/$D94 -> 0.57425664 | AN94: =L$16*G$28/$D94 -> 0.19111474 | AO94: =O$16*H$28/$D94 -> 0.19619283 | AP94: =R$16*I$28/$D94 -> 0.21286897 | AQ94: =U$16*J$28/$D94 -> 0.24090701 | AR94: =X$16*K$28/$D94 -> 0.25453241
D95: =D39 -> 180 | E95: =D$19*E$28/$D95 -> 0.027408219 | F95: =G$19*F$28/$D95 -> 0.0066277553 | G95: =J$19*G$28/$D95 -> 0.004630962 | H95: =M$19*H$28/$D95 -> 0.0086799692 | I95: =P$19*I$28/$D95 -> 0.005535275 | J95: =S$19*J$28/$D95 -> 0.047984996 | K95: =V$19*K$28/$D95 -> 0.033736753 | M95: =D95 -> 180 | N95: =F$19*E$28/$D95 -> 0.0060269382 | O95: =I$19*F$28/$D95 -> 0.0033138777 | P95: =L$19*G$28/$D95 -> 0.0012680015 | Q95: =O$19*H$28/$D95 -> 0.0028330455 | R95: =R$19*I$28/$D95 -> 0.0014703074 | S95: =U$19*J$28/$D95 -> 0.0025757354 | T95: =X$19*K$28/$D95 -> 0.0063863812 | AB95: 130 | AC95: =D$16*E$28/$D95 -> 0.74992331 | AD95: =E$16*F$28/$D95 -> -0.52336235 | AE95: =F$16*G$28/$D95 -> 0.32499512 | AF95: =G$16*H$28/$D95 -> 0.81684072 | AG95: =H$16*I$28/$D95 -> -0.14822189 | AH95: =I$16*J$28/$D95 -> 0.96796183 | AI95: =J$16*K$28/$D95 -> 0.5468226 | AK95: =AB95 -> 130 | AL95: =F$16*E$28/$D95 -> 0.28202244 | AM95: =I$16*F$28/$D95 -> 0.5423535 | AN95: =L$16*G$28/$D95 -> 0.18049726 | AO95: =O$16*H$28/$D95 -> 0.18529323 | AP95: =R$16*I$28/$D95 -> 0.20104292 | AQ95: =U$16*J$28/$D95 -> 0.22752329 | AR95: =X$16*K$28/$D95 -> 0.24039172
D96: =D40 -> 190 | E96: =D$19*E$28/$D96 -> 0.025965681 | F96: =G$19*F$28/$D96 -> 0.0062789261 | G96: =J$19*G$28/$D96 -> 0.0043872272 | H96: =M$19*H$28/$D96 -> 0.0082231287 | I96: =P$19*I$28/$D96 -> 0.0052439447 | J96: =S$19*J$28/$D96 -> 0.04545947 | K96: =V$19*K$28/$D96 -> 0.031961134 | M96: =D96 -> 190 | N96: =F$19*E$28/$D96 -> 0.0057097309 | O96: =I$19*F$28/$D96 -> 0.0031394631 | P96: =L$19*G$28/$D96 -> 0.0012012646 | Q96: =O$19*H$28/$D96 -> 0.0026839378 | R96: =R$19*I$28/$D96 -> 0.0013929228 | S96: =U$19*J$28/$D96 -> 0.0024401704 | T96: =X$19*K$28/$D96 -> 0.0060502558 | AB96: 140 | AC96: =D$16*E$28/$D96 -> 0.71045366 | AD96: =E$16*F$28/$D96 -> -0.49581697 | AE96: =F$16*G$28/$D96 -> 0.30789011 | AF96: =G$16*H$28/$D96 -> 0.7738491 | AG96: =H$16*I$28/$D96 -> -0.14042074 | AH96: =I$16*J$28/$D96 -> 0.91701647 | AI96: =J$16*K$28/$D96 -> 0.51804247 | AK96: =AB96 -> 140 | AL96: =F$16*E$28/$D96 -> 0.26717915 | AM96: =I$16*F$28/$D96 -> 0.51380858 | AN96: =L$16*G$28/$D96 -> 0.1709974 | AO96: =O$16*H$28/$D96 -> 0.17554096 | AP96: =R$16*I$28/$D96 -> 0.19046171 | AQ96: =U$16*J$28/$D96 -> 0.21554838 | AR96: =X$16*K$28/$D96 -> 0.22773952
D97: =D41 -> 200 | E97: =D$19*E$28/$D97 -> 0.024667397 | F97: =G$19*F$28/$D97 -> 0.0059649798 | G97: =J$19*G$28/$D97 -> 0.0041678658 | H97: =M$19*H$28/$D97 -> 0.0078119723 | I97: =P$19*I$28/$D97 -> 0.0049817475 | J97: =S$19*J$28/$D97 -> 0.043186496 | K97: =V$19*K$28/$D97 -> 0.030363077 | M97: =D97 -> 200 | N97: =F$19*E$28/$D97 -> 0.0054242444 | O97: =I$19*F$28/$D97 -> 0.0029824899 | P97: =L$19*G$28/$D97 -> 0.0011412014 | Q97: =O$19*H$28/$D97 -> 0.002549741 | R97: =R$19*I$28/$D97 -> 0.0013232767 | S97: =U$19*J$28/$D97 -> 0.0023181618 | T97: =X$19*K$28/$D97 -> 0.005747743 | AB97: 150 | AC97: =D$16*E$28/$D97 -> 0.67493098 | AD97: =E$16*F$28/$D97 -> -0.47102612 | AE97: =F$16*G$28/$D97 -> 0.29249561 | AF97: =G$16*H$28/$D97 -> 0.73515665 | AG97: =H$16*I$28/$D97 -> -0.1333997 | AH97: =I$16*J$28/$D97 -> 0.87116565 | AI97: =J$16*K$28/$D97 -> 0.49214034 | AK97: =AB97 -> 150 | AL97: =F$16*E$28/$D97 -> 0.2538202 | AM97: =I$16*F$28/$D97 -> 0.48811815 | AN97: =L$16*G$28/$D97 -> 0.16244753 | AO97: =O$16*H$28/$D97 -> 0.16676391 | AP97: =R$16*I$28/$D97 -> 0.18093863 | AQ97: =U$16*J$28/$D97 -> 0.20477096 | AR97: =X$16*K$28/$D97 -> 0.21635255
D98: =D42 -> 210 | E98: =D$19*E$28/$D98 -> 0.023492759 | F98: =G$19*F$28/$D98 -> 0.0056809332 | G98: =J$19*G$28/$D98 -> 0.003969396 | H98: =M$19*H$28/$D98 -> 0.0074399736 | I98: =P$19*I$28/$D98 -> 0.0047445214 | J98: =S$19*J$28/$D98 -> 0.041129997 | K98: =V$19*K$28/$D98 -> 0.028917217 | M98: =D98 -> 210 | N98: =F$19*E$28/$D98 -> 0.005165947 | O98: =I$19*F$28/$D98 -> 0.0028404666 | P98: =L$19*G$28/$D98 -> 0.0010868584 | Q98: =O$19*H$28/$D98 -> 0.0024283247 | R98: =R$19*I$28/$D98 -> 0.0012602635 | S98: =U$19*J$28/$D98 -> 0.0022077732 | T98: =X$19*K$28/$D98 -> 0.005474041 | AB98: 160 | AC98: =D$16*E$28/$D98 -> 0.64279141 | AD98: =E$16*F$28/$D98 -> -0.4485963 | AE98: =F$16*G$28/$D98 -> 0.27856725 | AF98: =G$16*H$28/$D98 -> 0.70014919 | AG98: =H$16*I$28/$D98 -> -0.12704734 | AH98: =I$16*J$28/$D98 -> 0.82968157 | AI98: =J$16*K$28/$D98 -> 0.46870509 | AK98: =AB98 -> 160 | AL98: =F$16*E$28/$D98 -> 0.24173352 | AM98: =I$16*F$28/$D98 -> 0.46487443 | AN98: =L$16*G$28/$D98 -> 0.15471194 | AO98: =O$16*H$28/$D98 -> 0.15882277 | AP98: =R$16*I$28/$D98 -> 0.1723225 | AQ98: =U$16*J$28/$D98 -> 0.19501996 | AR98: =X$16*K$28/$D98 -> 0.20605004
D99: =D43 -> 220 | E99: =D$19*E$28/$D99 -> 0.022424906 | F99: =G$19*F$28/$D99 -> 0.0054227089 | G99: =J$19*G$28/$D99 -> 0.0037889689 | H99: =M$19*H$28/$D99 -> 0.007101793 | I99: =P$19*I$28/$D99 -> 0.0045288613 | J99: =S$19*J$28/$D99 -> 0.039260451 | K99: =V$19*K$28/$D99 -> 0.027602798 | M99: =D99 -> 220 | N99: =F$19*E$28/$D99 -> 0.0049311312 | O99: =I$19*F$28/$D99 -> 0.0027113545 | P99: =L$19*G$28/$D99 -> 0.0010374558 | Q99: =O$19*H$28/$D99 -> 0.0023179463 | R99: =R$19*I$28/$D99 -> 0.0012029788 | S99: =U$19*J$28/$D99 -> 0.0021074199 | T99: =X$19*K$28/$D99 -> 0.0052252209 | AB99: 170 | AC99: =D$16*E$28/$D99 -> 0.61357362 | AD99: =E$16*F$28/$D99 -> -0.42820556 | AE99: =F$16*G$28/$D99 -> 0.2659051 | AF99: =G$16*H$28/$D99 -> 0.66832422 | AG99: =H$16*I$28/$D99 -> -0.12127246 | AH99: =I$16*J$28/$D99 -> 0.79196877 | AI99: =J$16*K$28/$D99 -> 0.44740031 | AK99: =AB99 -> 170 | AL99: =F$16*E$28/$D99 -> 0.23074563 | AM99: =I$16*F$28/$D99 -> 0.44374377 | AN99: =L$16*G$28/$D99 -> 0.14767957 | AO99: =O$16*H$28/$D99 -> 0.15160355 | AP99: =R$16*I$28/$D99 -> 0.16448966 | AQ99: =U$16*J$28/$D99 -> 0.18615542 | AR99: =X$16*K$28/$D99 -> 0.19668413
... D107: =D51 -> 300 | E107: =D$19*E$28/$D107 -> 0.016444931 | F107: =G$19*F$28/$D107 -> 0.0039766532 | G107: =J$19*G$28/$D107 -> 0.0027785772 | H107: =M$19*H$28/$D107 -> 0.0052079815 | I107: =P$19*I$28/$D107 -> 0.003321165 | J107: =S$19*J$28/$D107 -> 0.028790998 | K107: =V$19*K$28/$D107 -> 0.020242052 | M107: =D107 -> 300 | N107: =F$19*E$28/$D107 -> 0.0036161629 | O107: =I$19*F$28/$D107 -> 0.0019883266 | P107: =L$19*G$28/$D107 -> 0.0007608009 | Q107: =O$19*H$28/$D107 -> 0.0016998273 | R107: =R$19*I$28/$D107 -> 0.00088218445 | S107: =U$19*J$28/$D107 -> 0.0015454412 | T107: =X$19*K$28/$D107 -> 0.0038318287 | AB107: 250 | AC107: =D$16*E$28/$D107 -> 0.44995398 | AD107: =E$16*F$28/$D107 -> -0.31401741 | AE107: =F$16*G$28/$D107 -> 0.19499707 | AF107: =G$16*H$28/$D107 -> 0.49010443 | AG107: =H$16*I$28/$D107 -> -0.088933135 | AH107: =I$16*J$28/$D107 -> 0.5807771 | AI107: =J$16*K$28/$D107 -> 0.32809356 | AK107: =AB107 -> 250 | AL107: =F$16*E$28/$D107 -> 0.16921346 | AM107: =I$16*F$28/$D107 -> 0.3254121 | AN107: =L$16*G$28/$D107 -> 0.10829835 | AO107: =O$16*H$28/$D107 -> 0.11117594 | AP107: =R$16*I$28/$D107 -> 0.12062575 | AQ107: =U$16*J$28/$D107 -> 0.13651397 | AR107: =X$16*K$28/$D107 -> 0.14423503
D108: Wh/kg
C111: Energy density - relative values (relative to NMC) | AK111: Net - ADP
D112: EngDens rel to NMC | M112: EngDens rel to NMC | AK112: Energy density - absolute values | AL112: Na-NMC | AM112: Na-NMOaqu | AN112: Na-NMO | AO112: Na-NMMT | AP112: Li-NMC111 | AQ112: Li-NMC622 | AR112: Li-LFP
D113: 0.9 | E113: =D$19/D113 -> 0.040214539 | F113: =G$19/$D113 -> 0.0086940097 | G113: =J$19/$D113 -> 0.0058963102 | H113: =M$19/$D113 -> 0.010098264 | I113: =P$19/$D113 -> 0.0089206688 | J113: =S$19/$D113 -> 0.035268202 | K113: =V$19/$D113 -> 0.034177865 | M113: 0.9 | N113: =F$19/M113 -> 0.0088429876 | O113: =I$19/$D113 -> 0.0043470048 | P113: =L$19/$D113 -> 0.0016144659 | Q113: =O$19/$D113 -> 0.0032959612 | R113: =R$19/$D113 -> 0.0023695526 | S113: =U$19/$D113 -> 0.0018931242 | T113: =X$19/$D113 -> 0.0064698839 | AK113: 0.9 | AL113: =F$16/AK113 -> 0.41379567 | AM113: =I$16/$AK113 -> 0.71143642 | AN113: =L$16/$D113 -> 0.22981571 | AO113: =O$16/$D113 -> 0.21556989 | AP113: =R$16/$D113 -> 0.32400148 | AQ113: =U$16/$D113 -> 0.16722597 | AR113: =X$16/$D113 -> 0.24353487
D114: 0.95 | E114: =D$19/D114 -> 0.038097984 | F114: =G$19/$D114 -> 0.0082364302 | G114: =J$19/$D114 -> 0.0055859781 | H114: =M$19/$D114 -> 0.0095667764 | I114: =P$19/$D114 -> 0.0084511599 | J114: =S$19/$D114 -> 0.033411981 | K114: =V$19/$D114 -> 0.03237903 | M114: 0.95 | N114: =F$19/M114 -> 0.0083775672 | O114: =I$19/$D114 -> 0.0041182151 | P114: =L$19/$D114 -> 0.001529494 | Q114: =O$19/$D114 -> 0.0031224895 | R114: =R$19/$D114 -> 0.0022448393 | S114: =U$19/$D114 -> 0.0017934861 | T114: =X$19/$D114 -> 0.0061293637 | AK114: 0.95 | AL114: =F$16/AK114 -> 0.39201695 | AM114: =I$16/$AK114 -> 0.6739924 | AN114: =L$16/$D114 -> 0.21772015 | AO114: =O$16/$D114 -> 0.2042241 | AP114: =R$16/$D114 -> 0.30694877 | AQ114: =U$16/$D114 -> 0.1584246 | AR114: =X$16/$D114 -> 0.23071725
D115: 1 | E115: =D$19/D115 -> 0.036193085 | F115: =G$19/$D115 -> 0.0078246087 | G115: =J$19/$D115 -> 0.0053066792 | H115: =M$19/$D115 -> 0.0090884376 | I115: =P$19/$D115 -> 0.0080286019 | J115: =S$19/$D115 -> 0.031741382 | K115: =V$19/$D115 -> 0.030760079 | M115: 1 | N115: =F$19/M115 -> 0.0079586888 | O115: =I$19/$D115 -> 0.0039123043 | P115: =L$19/$D115 -> 0.0014530193 | Q115: =O$19/$D115 -> 0.0029663651 | R115: =R$19/$D115 -> 0.0021325974 | S115: =U$19/$D115 -> 0.0017038118 | T115: =X$19/$D115 -> 0.0058228955 | AK115: 1 | AL115: =F$16/AK115 -> 0.37241611 | AM115: =I$16/$AK115 -> 0.64029278 | AN115: =L$16/$D115 -> 0.20683414 | AO115: =O$16/$D115 -> 0.1940129 | AP115: =R$16/$D115 -> 0.29160133 | AQ115: =U$16/$D115 -> 0.15050337 | AR115: =X$16/$D115 -> 0.21918138
D116: 1.05 | E116: =D$19/D116 -> 0.034469605 | F116: =G$19/$D116 -> 0.0074520083 | G116: =J$19/$D116 -> 0.0050539802 | H116: =M$19/$D116 -> 0.0086556549 | I116: =P$19/$D116 -> 0.0076462875 | J116: =S$19/$D116 -> 0.030229888 | K116: =V$19/$D116 -> 0.029295313 | M116: 1.05 | N116: =F$19/M116 -> 0.0075797036 | O116: =I$19/$D116 -> 0.0037260041 | P116: =L$19/$D116 -> 0.0013838279 | Q116: =O$19/$D116 -> 0.0028251096 | R116: =R$19/$D116 -> 0.0020310451 | S116: =U$19/$D116 -> 0.0016226779 | T116: =X$19/$D116 -> 0.0055456148 | AK116: 1.05 | AL116: =F$16/AK116 -> 0.35468201 | AM116: =I$16/$AK116 -> 0.60980265 | AN116: =L$16/$D116 -> 0.19698489 | AO116: =O$16/$D116 -> 0.18477419 | AP116: =R$16/$D116 -> 0.27771555 | AQ116: =U$16/$D116 -> 0.14333655 | AR116: =X$16/$D116 -> 0.20874417
D117: 1.1 | E117: =D$19/D117 -> 0.032902804 | F117: =G$19/$D117 -> 0.0071132806 | G117: =J$19/$D117 -> 0.0048242538 | H117: =M$19/$D117 -> 0.008262216 | I117: =P$19/$D117 -> 0.007298729 | J117: =S$19/$D117 -> 0.028855802 | K117: =V$19/$D117 -> 0.027963708 | M117: 1.1 | N117: =F$19/M117 -> 0.0072351717 | O117: =I$19/$D117 -> 0.0035566403 | P117: =L$19/$D117 -> 0.0013209266 | Q117: =O$19/$D117 -> 0.0026966955 | R117: =R$19/$D117 -> 0.0019387249 | S117: =U$19/$D117 -> 0.0015489198 | T117: =X$19/$D117 -> 0.0052935414 | AK117: 1.1 | AL117: =F$16/AK117 -> 0.3385601 | AM117: =I$16/$AK117 -> 0.58208434 | AN117: =L$16/$D117 -> 0.18803103 | AO117: =O$16/$D117 -> 0.17637536 | AP117: =R$16/$D117 -> 0.26509212 | AQ117: =U$16/$D117 -> 0.13682125 | AR117: =X$16/$D117 -> 0.1992558
D118: 1.15 | E118: =D$19/D118 -> 0.031472248 | F118: =G$19/$D118 -> 0.0068040076 | G118: =J$19/$D118 -> 0.0046145036 | H118: =M$19/$D118 -> 0.0079029892 | I118: =P$19/$D118 -> 0.006981393 | J118: =S$19/$D118 -> 0.027601202 | K118: =V$19/$D118 -> 0.026747894 | M118: 1.15 | N118: =F$19/M118 -> 0.006920599 | O118: =I$19/$D118 -> 0.0034020038 | P118: =L$19/$D118 -> 0.001263495 | Q118: =O$19/$D118 -> 0.0025794479 | R118: =R$19/$D118 -> 0.0018544325 | S118: =U$19/$D118 -> 0.0014815754 | T118: =X$19/$D118 -> 0.0050633874 | AK118: 1.15 | AL118: =F$16/AK118 -> 0.32384009 | AM118: =I$16/$AK118 -> 0.55677633 | AN118: =L$16/$D118 -> 0.17985577 | AO118: =O$16/$D118 -> 0.16870687 | AP118: =R$16/$D118 -> 0.25356637 | AQ118: =U$16/$D118 -> 0.1308725 | AR118: =X$16/$D118 -> 0.19059251
D119: 1.2 | E119: =D$19/D119 -> 0.030160904 | F119: =G$19/$D119 -> 0.0065205072 | G119: =J$19/$D119 -> 0.0044222326 | H119: =M$19/$D119 -> 0.007573698 | I119: =P$19/$D119 -> 0.0066905016 | J119: =S$19/$D119 -> 0.026451152 | K119: =V$19/$D119 -> 0.025633399 | M119: 1.2 | N119: =F$19/M119 -> 0.0066322407 | O119: =I$19/$D119 -> 0.0032602536 | P119: =L$19/$D119 -> 0.0012108494 | Q119: =O$19/$D119 -> 0.0024719709 | R119: =R$19/$D119 -> 0.0017771645 | S119: =U$19/$D119 -> 0.0014198431 | T119: =X$19/$D119 -> 0.004852413 | AK119: 1.2 | AL119: =F$16/AK119 -> 0.31034675 | AM119: =I$16/$AK119 -> 0.53357731 | AN119: =L$16/$D119 -> 0.17236178 | AO119: =O$16/$D119 -> 0.16167741 | AP119: =R$16/$D119 -> 0.24300111 | AQ119: =U$16/$D119 -> 0.12541948 | AR119: =X$16/$D119 -> 0.18265115
D120: 1.25 | E120: =D$19/D120 -> 0.028954468 | F120: =G$19/$D120 -> 0.006259687 | G120: =J$19/$D120 -> 0.0042453433 | H120: =M$19/$D120 -> 0.0072707501 | I120: =P$19/$D120 -> 0.0064228815 | J120: =S$19/$D120 -> 0.025393106 | K120: =V$19/$D120 -> 0.024608063 | M120: 1.25 | N120: =F$19/M120 -> 0.0063669511 | O120: =I$19/$D120 -> 0.0031298435 | P120: =L$19/$D120 -> 0.0011624154 | Q120: =O$19/$D120 -> 0.002373092 | R120: =R$19/$D120 -> 0.0017060779 | S120: =U$19/$D120 -> 0.0013630494 | T120: =X$19/$D120 -> 0.0046583164 | AK120: 1.25 | AL120: =F$16/AK120 -> 0.29793288 | AM120: =I$16/$AK120 -> 0.51223422 | AN120: =L$16/$D120 -> 0.16546731 | AO120: =O$16/$D120 -> 0.15521032 | AP120: =R$16/$D120 -> 0.23328106 | AQ120: =U$16/$D120 -> 0.1204027 | AR120: =X$16/$D120 -> 0.17534511
D121: 1.3 | E121: =D$19/D121 -> 0.027840835 | F121: =G$19/$D121 -> 0.0060189298 | G121: =J$19/$D121 -> 0.0040820609 | H121: =M$19/$D121 -> 0.0069911058 | I121: =P$19/$D121 -> 0.0061758476 | J121: =S$19/$D121 -> 0.024416448 | K121: =V$19/$D121 -> 0.023661599 | M121: 1.3 | N121: =F$19/M121 -> 0.0061220683 | O121: =I$19/$D121 -> 0.0030094649 | P121: =L$19/$D121 -> 0.0011177072 | Q121: =O$19/$D121 -> 0.0022818193 | R121: =R$19/$D121 -> 0.0016404595 | S121: =U$19/$D121 -> 0.0013106244 | T121: =X$19/$D121 -> 0.0044791504 | AK121: 1.3 | AL121: =F$16/AK121 -> 0.28647393 | AM121: =I$16/$AK121 -> 0.49253291 | AN121: =L$16/$D121 -> 0.15910318 | AO121: =O$16/$D121 -> 0.14924069 | AP121: =R$16/$D121 -> 0.22430872 | AQ121: =U$16/$D121 -> 0.11577182 | AR121: =X$16/$D121 -> 0.16860106
D122: 1.35 | E122: =D$19/D122 -> 0.026809692 | F122: =G$19/$D122 -> 0.0057960064 | G122: =J$19/$D122 -> 0.0039308735 | H122: =M$19/$D122 -> 0.006732176 | I122: =P$19/$D122 -> 0.0059471125 | J122: =S$19/$D122 -> 0.023512135 | K122: =V$19/$D122 -> 0.022785243 | M122: 1.35 | N122: =F$19/M122 -> 0.0058953251 | O122: =I$19/$D122 -> 0.0028980032 | P122: =L$19/$D122 -> 0.0010763106 | Q122: =O$19/$D122 -> 0.0021973074 | R122: =R$19/$D122 -> 0.0015797018 | S122: =U$19/$D122 -> 0.0012620828 | T122: =X$19/$D122 -> 0.004313256 | AK122: 1.35 | AL122: =F$16/AK122 -> 0.27586378 | AM122: =I$16/$AK122 -> 0.47429095 | AN122: =L$16/$D122 -> 0.15321047 | AO122: =O$16/$D122 -> 0.14371326 | AP122: =R$16/$D122 -> 0.21600098 | AQ122: =U$16/$D122 -> 0.11148398 | AR122: =X$16/$D122 -> 0.16235658
D123: 1.4 | E123: =D$19/D123 -> 0.025852203 | F123: =G$19/$D123 -> 0.0055890062 | G123: =J$19/$D123 -> 0.0037904851 | H123: =M$19/$D123 -> 0.0064917411 | I123: =P$19/$D123 -> 0.0057347156 | J123: =S$19/$D123 -> 0.022672416 | K123: =V$19/$D123 -> 0.021971485 | M123: 1.4 | N123: =F$19/M123 -> 0.0056847777 | O123: =I$19/$D123 -> 0.0027945031 | P123: =L$19/$D123 -> 0.0010378709 | Q123: =O$19/$D123 -> 0.0021188322 | R123: =R$19/$D123 -> 0.0015232838 | S123: =U$19/$D123 -> 0.0012170084 | T123: =X$19/$D123 -> 0.0041592111 | AK123: 1.4 | AL123: =F$16/AK123 -> 0.2660115 | AM123: =I$16/$AK123 -> 0.45735198 | AN123: =L$16/$D123 -> 0.14773867 | AO123: =O$16/$D123 -> 0.13858064 | AP123: =R$16/$D123 -> 0.20828666 | AQ123: =U$16/$D123 -> 0.10750241 | AR123: =X$16/$D123 -> 0.15655813
D124: 1.45 | E124: =D$19/D124 -> 0.024960748 | F124: =G$19/$D124 -> 0.0053962819 | G124: =J$19/$D124 -> 0.0036597787 | H124: =M$19/$D124 -> 0.006267888 | I124: =P$19/$D124 -> 0.0055369668 | J124: =S$19/$D124 -> 0.021890608 | K124: =V$19/$D124 -> 0.021213847 | M124: 1.45 | N124: =F$19/M124 -> 0.0054887509 | O124: =I$19/$D124 -> 0.0026981409 | P124: =L$19/$D124 -> 0.0010020823 | Q124: =O$19/$D124 -> 0.002045769 | R124: =R$19/$D124 -> 0.0014707568 | S124: =U$19/$D124 -> 0.0011750426 | T124: =X$19/$D124 -> 0.00401579 | AK124: 1.45 | AL124: =F$16/AK124 -> 0.25683869 | AM124: =I$16/$AK124 -> 0.44158123 | AN124: =L$16/$D124 -> 0.14264423 | AO124: =O$16/$D124 -> 0.133802 | AP124: =R$16/$D124 -> 0.20110437 | AQ124: =U$16/$D124 -> 0.10379543 | AR124: =X$16/$D124 -> 0.15115957
... D135: 2 | E135: =D$19/D135 -> 0.018096542 | F135: =G$19/$D135 -> 0.0039123043 | G135: =J$19/$D135 -> 0.0026533396 | H135: =M$19/$D135 -> 0.0045442188 | I135: =P$19/$D135 -> 0.0040143009 | J135: =S$19/$D135 -> 0.015870691 | K135: =V$19/$D135 -> 0.015380039 | M135: 2 | N135: =F$19/M135 -> 0.0039793444 | O135: =I$19/$D135 -> 0.0019561522 | P135: =L$19/$D135 -> 0.00072650965 | Q135: =O$19/$D135 -> 0.0014831825 | R135: =R$19/$D135 -> 0.0010662987 | S135: =U$19/$D135 -> 0.00085190588 | T135: =X$19/$D135 -> 0.0029114478 | AK135: 2 | AL135: =F$16/AK135 -> 0.18620805 | AM135: =I$16/$AK135 -> 0.32014639 | AN135: =L$16/$D135 -> 0.10341707 | AO135: =O$16/$D135 -> 0.097006449 | AP135: =R$16/$D135 -> 0.14580066 | AQ135: =U$16/$D135 -> 0.075251686 | AR135: =X$16/$D135 -> 0.10959069
D139: =C139+3 -> 3 | E139: =D139+3 -> 6 | F139: =E139+3 -> 9 | G139: =F139+3 -> 12 | H139: =G139+3 -> 15 | I139: =H139+3 -> 18
B140: Use phase | C140: {=OFFSET($D$6,,C139,,)} -> NaNMC | D140: {=OFFSET($D$6,,D139,,)} -> NaMVP | E140: {=OFFSET($D$6,,E139,,)} -> NaMMO | F140: {=OFFSET($D$6,,F139,,)} -> NaNMMT | G140: {=OFFSET($D$6,,G139,,)} -> NaPBA | H140: {=OFFSET($D$6,,H139,,)} -> LiNMC | I140: {=OFFSET($D$6,,I139,,)} -> LiFP
A145: RECYCLING RATE | D145: Rec Rate | E145: =E84 -> 136.31 | F145: =F84 -> 152.46717 | G145: =G84 -> 157.08 | H145: =H84 -> 171.91013 | I145: =I84 -> 124.1 | J145: =J84 -> 272.11478 | K145: =K84 -> 197.41872 | L145: Wh/kg
D147: GWP | M147: ADP
D148: Energy density - absolute values | E148: =E86 -> NaNMC | F148: =F86 -> NaMVP | G148: =G86 -> NaMMO | H148: =H86 -> NaNMMT | I148: =I86 -> NaPBA | J148: =J86 -> LiNMC | K148: =K86 -> LiFP | M148: Energy density - absolute values | N148: =N86 -> NaNMC | O148: =O86 -> NaMVP | P148: =P86 -> NaMMO | Q148: =Q86 -> NaNMMT | R148: =R86 -> NaPBA | S148: =S86 -> LiNMC | T148: =T86 -> LiFP
D149: 1 | E149: =$D$17+$E$17*$D149 -> 54.753442 | F149: =$G$17+$H$17*$D149 -> 81.329677 | G149: =$J$17+$K$17*$D149 -> 45.995894 | H149: =$M$17+$N$17*$D149 -> 37.25988 | I149: =$P$17+$Q$17*$D149 -> 73.93759 | J149: =$S$17+$T$17*$D149 -> 27.419569 | K149: =$V$17+$W$17*$D149 -> 43.045629 | M149: 1 | N149: =$D$19+$E$19*$D149 -> 0.0079586888 | O149: =$G$19+$H$19*$D149 -> 0.0039123043 | P149: =$J$19+$K$19*$D149 -> 0.0014530193 | Q149: =$M$19+$N$19*$D149 -> 0.0029663651 | R149: =$P$19+$Q$19*$D149 -> 0.0021325974 | S149: =$S$19+$T$19*$D149 -> 0.0017038118 | T149: =$V$19+$W$19*$D149 -> 0.0058228955
D150: 0.9 | E150: =$D$17+$E$17*$D150 -> 57.943379 | F150: =$G$17+$H$17*$D150 -> 82.161849 | G150: =$J$17+$K$17*$D150 -> 46.62984 | H150: =$M$17+$N$17*$D150 -> 38.59381 | I150: =$P$17+$Q$17*$D150 -> 75.24856 | J150: =$S$17+$T$17*$D150 -> 29.158056 | K150: =$V$17+$W$17*$D150 -> 43.700002 | M150: 0.9 | N150: =$D$19+$E$19*$D150 -> 0.010782128 | O150: =$G$19+$H$19*$D150 -> 0.0043035348 | P150: =$J$19+$K$19*$D150 -> 0.0018383853 | Q150: =$M$19+$N$19*$D150 -> 0.0035785723 | R150: =$P$19+$Q$19*$D150 -> 0.0027221978 | S150: =$S$19+$T$19*$D150 -> 0.0047075688 | T150: =$V$19+$W$19*$D150 -> 0.0083166139
D151: 0.8 | E151: =$D$17+$E$17*$D151 -> 61.133316 | F151: =$G$17+$H$17*$D151 -> 82.994022 | G151: =$J$17+$K$17*$D151 -> 47.263786 | H151: =$M$17+$N$17*$D151 -> 39.927741 | I151: =$P$17+$Q$17*$D151 -> 76.559531 | J151: =$S$17+$T$17*$D151 -> 30.896544 | K151: =$V$17+$W$17*$D151 -> 44.354375 | M151: 0.8 | N151: =$D$19+$E$19*$D151 -> 0.013605568 | O151: =$G$19+$H$19*$D151 -> 0.0046947652 | P151: =$J$19+$K$19*$D151 -> 0.0022237513 | Q151: =$M$19+$N$19*$D151 -> 0.0041907796 | R151: =$P$19+$Q$19*$D151 -> 0.0033117983 | S151: =$S$19+$T$19*$D151 -> 0.0077113258 | T151: =$V$19+$W$19*$D151 -> 0.010810332
D152: 0.7 | E152: =$D$17+$E$17*$D152 -> 64.323254 | F152: =$G$17+$H$17*$D152 -> 83.826194 | G152: =$J$17+$K$17*$D152 -> 47.897732 | H152: =$M$17+$N$17*$D152 -> 41.261671 | I152: =$P$17+$Q$17*$D152 -> 77.870501 | J152: =$S$17+$T$17*$D152 -> 32.635031 | K152: =$V$17+$W$17*$D152 -> 45.008748 | M152: 0.7 | N152: =$D$19+$E$19*$D152 -> 0.016429008 | O152: =$G$19+$H$19*$D152 -> 0.0050859957 | P152: =$J$19+$K$19*$D152 -> 0.0026091173 | Q152: =$M$19+$N$19*$D152 -> 0.0048029868 | R152: =$P$19+$Q$19*$D152 -> 0.0039013987 | S152: =$S$19+$T$19*$D152 -> 0.010715083 | T152: =$V$19+$W$19*$D152 -> 0.01330405
D153: 0.6 | E153: =$D$17+$E$17*$D153 -> 67.513191 | F153: =$G$17+$H$17*$D153 -> 84.658366 | G153: =$J$17+$K$17*$D153 -> 48.531678 | H153: =$M$17+$N$17*$D153 -> 42.595601 | I153: =$P$17+$Q$17*$D153 -> 79.181471 | J153: =$S$17+$T$17*$D153 -> 34.373519 | K153: =$V$17+$W$17*$D153 -> 45.663122 | M153: 0.6 | N153: =$D$19+$E$19*$D153 -> 0.019252447 | O153: =$G$19+$H$19*$D153 -> 0.0054772261 | P153: =$J$19+$K$19*$D153 -> 0.0029944832 | Q153: =$M$19+$N$19*$D153 -> 0.0054151941 | R153: =$P$19+$Q$19*$D153 -> 0.0044909992 | S153: =$S$19+$T$19*$D153 -> 0.01371884 | T153: =$V$19+$W$19*$D153 -> 0.015797769
D154: 0.5 | E154: =$D$17+$E$17*$D154 -> 70.703128 | F154: =$G$17+$H$17*$D154 -> 85.490539 | G154: =$J$17+$K$17*$D154 -> 49.165624 | H154: =$M$17+$N$17*$D154 -> 43.929531 | I154: =$P$17+$Q$17*$D154 -> 80.492442 | J154: =$S$17+$T$17*$D154 -> 36.112006 | K154: =$V$17+$W$17*$D154 -> 46.317495 | M154: 0.5 | N154: =$D$19+$E$19*$D154 -> 0.022075887 | O154: =$G$19+$H$19*$D154 -> 0.0058684565 | P154: =$J$19+$K$19*$D154 -> 0.0033798492 | Q154: =$M$19+$N$19*$D154 -> 0.0060274013 | R154: =$P$19+$Q$19*$D154 -> 0.0050805996 | S154: =$S$19+$T$19*$D154 -> 0.016722597 | T154: =$V$19+$W$19*$D154 -> 0.018291487
D155: 0.4 | E155: =$D$17+$E$17*$D155 -> 73.893065 | F155: =$G$17+$H$17*$D155 -> 86.322711 | G155: =$J$17+$K$17*$D155 -> 49.79957 | H155: =$M$17+$N$17*$D155 -> 45.263461 | I155: =$P$17+$Q$17*$D155 -> 81.803412 | J155: =$S$17+$T$17*$D155 -> 37.850494 | K155: =$V$17+$W$17*$D155 -> 46.971868 | M155: 0.4 | N155: =$D$19+$E$19*$D155 -> 0.024899326 | O155: =$G$19+$H$19*$D155 -> 0.006259687 | P155: =$J$19+$K$19*$D155 -> 0.0037652152 | Q155: =$M$19+$N$19*$D155 -> 0.0066396086 | R155: =$P$19+$Q$19*$D155 -> 0.0056702001 | S155: =$S$19+$T$19*$D155 -> 0.019726354 | T155: =$V$19+$W$19*$D155 -> 0.020785205
D156: 0.3 | E156: =$D$17+$E$17*$D156 -> 77.083003 | F156: =$G$17+$H$17*$D156 -> 87.154884 | G156: =$J$17+$K$17*$D156 -> 50.433516 | H156: =$M$17+$N$17*$D156 -> 46.597392 | I156: =$P$17+$Q$17*$D156 -> 83.114382 | J156: =$S$17+$T$17*$D156 -> 39.588981 | K156: =$V$17+$W$17*$D156 -> 47.626241 | M156: 0.3 | N156: =$D$19+$E$19*$D156 -> 0.027722766 | O156: =$G$19+$H$19*$D156 -> 0.0066509174 | P156: =$J$19+$K$19*$D156 -> 0.0041505812 | Q156: =$M$19+$N$19*$D156 -> 0.0072518158 | R156: =$P$19+$Q$19*$D156 -> 0.0062598005 | S156: =$S$19+$T$19*$D156 -> 0.022730111 | T156: =$V$19+$W$19*$D156 -> 0.023278924
D157: 0.2 | E157: =$D$17+$E$17*$D157 -> 80.27294 | F157: =$G$17+$H$17*$D157 -> 87.987056 | G157: =$J$17+$K$17*$D157 -> 51.067462 | H157: =$M$17+$N$17*$D157 -> 47.931322 | I157: =$P$17+$Q$17*$D157 -> 84.425353 | J157: =$S$17+$T$17*$D157 -> 41.327469 | K157: =$V$17+$W$17*$D157 -> 48.280614 | M157: 0.2 | N157: =$D$19+$E$19*$D157 -> 0.030546206 | O157: =$G$19+$H$19*$D157 -> 0.0070421478 | P157: =$J$19+$K$19*$D157 -> 0.0045359472 | Q157: =$M$19+$N$19*$D157 -> 0.0078640231 | R157: =$P$19+$Q$19*$D157 -> 0.006849401 | S157: =$S$19+$T$19*$D157 -> 0.025733868 | T157: =$V$19+$W$19*$D157 -> 0.025772642
D158: 0.1 | E158: =$D$17+$E$17*$D158 -> 83.462877 | F158: =$G$17+$H$17*$D158 -> 88.819228 | G158: =$J$17+$K$17*$D158 -> 51.701408 | H158: =$M$17+$N$17*$D158 -> 49.265252 | I158: =$P$17+$Q$17*$D158 -> 85.736323 | J158: =$S$17+$T$17*$D158 -> 43.065956 | K158: =$V$17+$W$17*$D158 -> 48.934988 | M158: 0.1 | N158: =$D$19+$E$19*$D158 -> 0.033369645 | O158: =$G$19+$H$19*$D158 -> 0.0074333783 | P158: =$J$19+$K$19*$D158 -> 0.0049213132 | Q158: =$M$19+$N$19*$D158 -> 0.0084762303 | R158: =$P$19+$Q$19*$D158 -> 0.0074390014 | S158: =$S$19+$T$19*$D158 -> 0.028737625 | T158: =$V$19+$W$19*$D158 -> 0.02826636
D159: 0 | E159: =$D$17+$E$17*$D159 -> 86.652814 | F159: =$G$17+$H$17*$D159 -> 89.651401 | G159: =$J$17+$K$17*$D159 -> 52.335354 | H159: =$M$17+$N$17*$D159 -> 50.599182 | I159: =$P$17+$Q$17*$D159 -> 87.047293 | J159: =$S$17+$T$17*$D159 -> 44.804444 | K159: =$V$17+$W$17*$D159 -> 49.589361 | M159: 0 | N159: =$D$19+$E$19*$D159 -> 0.036193085 | O159: =$G$19+$H$19*$D159 -> 0.0078246087 | P159: =$J$19+$K$19*$D159 -> 0.0053066792 | Q159: =$M$19+$N$19*$D159 -> 0.0090884376 | R159: =$P$19+$Q$19*$D159 -> 0.0080286019 | S159: =$S$19+$T$19*$D159 -> 0.031741382 | T159: =$V$19+$W$19*$D159 -> 0.030760079
...

Sheet Use Phase_Grid
D1: Changeable | E1: data needed
B3: Case | C3: 1 | K3: Hilfszeile | M3: =L3+3 -> 3 | N3: =M3+3 -> 6 | O3: =N3+3 -> 9 | P3: =O3+3 -> 12 | Q3: =P3+3 -> 15 | R3: =Q3+3 -> 18
B4: Parameter | C4: Value | D4: Unit | K4: Use phase | L4: {=OFFSET(Resume_SensAnal!$D$6,,L3,,)} -> NaNMC | M4: {=OFFSET(Resume_SensAnal!$D$6,,M3,,)} -> NaMVP | N4: {=OFFSET(Resume_SensAnal!$D$6,,N3,,)} -> NaMMO | O4: {=OFFSET(Resume_SensAnal!$D$6,,O3,,)} -> NaNMMT | P4: {=OFFSET(Resume_SensAnal!$D$6,,P3,,)} -> NaPBA | Q4: {=OFFSET(Resume_SensAnal!$D$6,,Q3,,)} -> LiNMC | R4: {=OFFSET(Resume_SensAnal!$D$6,,R3,,)} -> LiFP
B5: Capacity | C5: 2000 | D5: kWh | K5: Efficiency | L5: ='Use Phase'!L5 -> 0.92 | M5: ='Use Phase'!M5 -> 0.93 | N5: ='Use Phase'!N5 -> 0.92 | O5: ='Use Phase'!O5 -> 0.92 | P5: ='Use Phase'!P5 -> 0.93 | Q5: ='Use Phase'!Q5 -> 0.92 | R5: ='Use Phase'!R5 -> 0.93
B6: Power | C6: 1 | D6: MW | K6: Min SOC | L6: ='Use Phase'!L6 -> 0.2 | M6: ='Use Phase'!M6 -> 0.2 | N6: ='Use Phase'!N6 -> 0.2 | O6: ='Use Phase'!O6 -> 0.2 | P6: ='Use Phase'!P6 -> 0.2 | Q6: ='Use Phase'!Q6 -> 0.2 | R6: ='Use Phase'!R6 -> 0.2
B7: Cycles per day | C7: 2 | D7: - | K7: Max SOC | L7: ='Use Phase'!L7 -> 0.95 | M7: ='Use Phase'!M7 -> 0.95 | N7: ='Use Phase'!N7 -> 0.95 | O7: ='Use Phase'!O7 -> 0.95 | P7: ='Use Phase'!P7 -> 0.95 | Q7: ='Use Phase'!Q7 -> 0.95 | R7: ='Use Phase'!R7 -> 0.95
B8: Project life time | C8: 20 | D8: years | K8: Cycle life time | L8: ='Use Phase'!L8 -> 4000 | M8: ='Use Phase'!M8 -> 7000 | N8: ='Use Phase'!N8 -> 4000 | O8: ='Use Phase'!O8 -> 4000 | P8: ='Use Phase'!P8 -> 7000 | Q8: ='Use Phase'!Q8 -> 4000 | R8: ='Use Phase'!R8 -> 7000
B9: Cycles over project lifetime | C9: =C7*C8*365 -> 14600 | D9: Cylces | K9: Calendric Life time | L9: ='Use Phase'!L9 -> 10 | M9: ='Use Phase'!M9 -> 10 | N9: ='Use Phase'!N9 -> 10 | O9: ='Use Phase'!O9 -> 10 | P9: ='Use Phase'!P9 -> 10 | Q9: ='Use Phase'!Q9 -> 10 | R9: ='Use Phase'!R9 -> 10
K10: Retention rate | L10: ='Use Phase'!L10 -> 0.8 | M10: ='Use Phase'!M10 -> 0.8 | N10: ='Use Phase'!N10 -> 0.8 | O10: ='Use Phase'!O10 -> 0.8 | P10: ='Use Phase'!P10 -> 0.8 | Q10: ='Use Phase'!Q10 -> 0.8 | R10: ='Use Phase'!R10 -> 0.8
K11: Cap for 1 kWh provided | L11: ='Use Phase'!L11 -> 1.576087 | M11: ='Use Phase'!M11 -> 1.5591398 | N11: ='Use Phase'!N11 -> 1.576087 | O11: ='Use Phase'!O11 -> 1.576087 | P11: ='Use Phase'!P11 -> 1.5591398 | Q11: ='Use Phase'!Q11 -> 1.576087 | R11: ='Use Phase'!R11 -> 1.5591398
K12: Energy Density | L12: ='Use Phase'!L12 -> 136.31 | M12: ='Use Phase'!M12 -> 152.46717 | N12: ='Use Phase'!N12 -> 157.08 | O12: ='Use Phase'!O12 -> 171.91013 | P12: ='Use Phase'!P12 -> 124.1 | Q12: ='Use Phase'!Q12 -> 272.11478 | R12: ='Use Phase'!R12 -> 197.41872
B14: Total energy stored | C14: =C9*C6*C5 -> 29200000 | D14: kWh | K14: Factor | L14: =$L$5*C$19 -> 0 | M14: =$L$5*D$19 -> 0 | N14: =$L$5*E$19 -> 0 | O14: =$L$5*F$19 -> 0
B15: Total cycles per year | C15: =C14/20/(C6*1000) -> 1460 | D15: typical storage times --> 1000 - 2000 hours p.a. | K15: Total cap | L15: =L11*$C$5 -> 3152.1739 | M15: =M11*$C$5 -> 3118.2796 | N15: =N11*$C$5 -> 3152.1739 | O15: =O11*$C$5 -> 3152.1739 | P15: =P11*$C$5 -> 3118.2796 | Q15: =Q11*$C$5 -> 3152.1739 | R15: =R11*$C$5 -> 3118.2796
B16: Operation rate p. year | C16: =C15/8760 -> 0.16666667 | K16: Ex. Cell cycle | L16: =$C$9/L$8-1 -> 2.65 | M16: =$C$9/M$8-1 -> 1.0857143 | N16: =$C$9/N$8-1 -> 2.65 | O16: =$C$9/O$8-1 -> 2.65 | P16: =$C$9/P$8-1 -> 1.0857143 | Q16: =$C$9/Q$8-1 -> 2.65 | R16: =$C$9/R$8-1 -> 1.0857143
K17: Ex Cell cal. | L17: =$C$8/L$9-1 -> 1 | M17: =$C$8/M$9-1 -> 1 | N17: =$C$8/N$9-1 -> 1 | O17: =$C$8/O$9-1 -> 1 | P17: =$C$8/P$9-1 -> 1 | Q17: =$C$8/Q$9-1 -> 1 | R17: =$C$8/R$9-1 -> 1
K18: Used Ex | L18: =MAX(L16:L17) -> 2.65 | M18: =MAX(M16:M17) -> 1.0857143 | N18: =MAX(N16:N17) -> 2.65 | O18: =MAX(O16:O17) -> 2.65 | P18: =MAX(P16:P17) -> 1.0857143 | Q18: =MAX(Q16:Q17) -> 2.65 | R18: =MAX(R16:R17) -> 1.0857143
K19: Total consumed Energy | L19: =($C$14/L$5)-$C$14 -> 2539130.4 | M19: =($C$14/M$5)-$C$14 -> 2197849.5 | N19: =($C$14/N$5)-$C$14 -> 2539130.4 | O19: =($C$14/O$5)-$C$14 -> 2539130.4 | P19: =($C$14/P$5)-$C$14 -> 2197849.5 | Q19: =($C$14/Q$5)-$C$14 -> 2539130.4 | R19: =($C$14/R$5)-$C$14 -> 2197849.5
B20: Selected eletricity | C20: 1 | D20: 1 für electricty "from Grid", 2 für Wind, 3 für PV, 0 ohne Strom | K20: In % | L20: =L19/$C$14 -> 0.086956522 | M20: =M19/$C$14 -> 0.075268817 | N20: =N19/$C$14 -> 0.086956522 | O20: =O19/$C$14 -> 0.086956522 | P20: =P19/$C$14 -> 0.075268817 | Q20: =Q19/$C$14 -> 0.086956522 | R20: =R19/$C$14 -> 0.075268817
B21: AP | C21: =IF($C$20=1,D36,IF($C$20=2,D44,IF($C$20=3,D55,1E-68))) -> 0.00222
B22: GWP | C22: =IF($C$20=1,D37,IF($C$20=2,D45,IF($C$20=3,D56,1E-68))) -> 0.43101 | K22: Impacts per kg | L22: =L$4 -> NaNMC | M22: =M$4 -> NaMVP | N22: =N$4 -> NaMMO | O22: =O$4 -> NaNMMT | P22: =P$4 -> NaPBA | Q22: =Q$4 -> LiNMC | R22: =R$4 -> LiFP
B23: Htox | C23: =IF($C$20=1,D38,IF($C$20=2,D46,IF($C$20=3,D57,1E-68))) -> 0.0001742911 | K23: AP | L23: ='Use Phase'!L23 -> 0.37241611 | M23: ='Use Phase'!M23 -> 0.64029278 | N23: ='Use Phase'!N23 -> 0.20683414 | O23: ='Use Phase'!O23 -> 0.1940129 | P23: ='Use Phase'!P23 -> 0.29160133 | Q23: ='Use Phase'!Q23 -> 0.15050337 | R23: ='Use Phase'!R23 -> 0.21918138 | S23: molc H+ eq
B24: RDP | C24: =IF($C$20=1,D39,IF($C$20=2,D47,IF($C$20=3,D58,1E-68))) -> 3.25116e-06 | K24: GWP | L24: ='Use Phase'!L24 -> 54.753442 | M24: ='Use Phase'!M24 -> 81.329677 | N24: ='Use Phase'!N24 -> 45.995894 | O24: ='Use Phase'!O24 -> 37.25988 | P24: ='Use Phase'!P24 -> 73.93759 | Q24: ='Use Phase'!Q24 -> 27.419569 | R24: ='Use Phase'!R24 -> 43.045629 | S24: kg CO2 eq
B25: ODP | C25: =IF($C$20=1,D40,IF($C$20=2,D48,IF($C$20=3,D59,1E-68))) -> 1.79507e-08 | K25: Htox | L25: ='Use Phase'!L25 -> 0.036492357 | M25: ='Use Phase'!M25 -> 0.1700391 | N25: ='Use Phase'!N25 -> 0.014391044 | O25: ='Use Phase'!O25 -> 0.014249572 | P25: ='Use Phase'!P25 -> 0.019367221 | Q25: ='Use Phase'!Q25 -> 0.019079852 | R25: ='Use Phase'!R25 -> 0.026197194 | S25: kCTUh
B26: PMF | C26: =IF($C$20=1,D41,IF($C$20=2,D49,IF($C$20=3,D60,1E-68))) -> 0.00016 | K26: RDP | L26: ='Use Phase'!L26 -> 0.0079586888 | M26: ='Use Phase'!M26 -> 0.0039123043 | N26: ='Use Phase'!N26 -> 0.0014530193 | O26: ='Use Phase'!O26 -> 0.0029663651 | P26: ='Use Phase'!P26 -> 0.0021325974 | Q26: ='Use Phase'!Q26 -> 0.0017038118 | R26: ='Use Phase'!R26 -> 0.0058228955 | S26: kg Sb eq
K27: ODP | L27: ='Use Phase'!L27 -> 7.5256225e-06 | M27: ='Use Phase'!M27 -> 7.1322697e-06 | N27: ='Use Phase'!N27 -> 3.721214e-06 | O27: ='Use Phase'!O27 -> 3.3303444e-06 | P27: ='Use Phase'!P27 -> 8.1494825e-06 | Q27: ='Use Phase'!Q27 -> 3.0984322e-06 | R27: ='Use Phase'!R27 -> 3.6196093e-06 | S27: kg CFC-11 eq
K28: PMF | L28: ='Use Phase'!L28 -> 0.029624008 | M28: ='Use Phase'!M28 -> 0.051869583 | N28: ='Use Phase'!N28 -> 0.025459425 | O28: ='Use Phase'!O28 -> 0.014705597 | P28: ='Use Phase'!P28 -> 0.02634385 | Q28: ='Use Phase'!Q28 -> 0.013441182 | R28: ='Use Phase'!R28 -> 0.019747211 | S28: kg PM2.5 eq
K30: Impact per kWh | L30: =L$4 -> NaNMC | M30: =M$4 -> NaMVP | N30: =N$4 -> NaMMO | O30: =O$4 -> NaNMMT | P30: =P$4 -> NaPBA | Q30: =Q$4 -> LiNMC | R30: =R$4 -> LiFP
K31: AP | L31: =L23 -> 0.37241611 | M31: =M23 -> 0.64029278 | N31: =N23 -> 0.20683414 | O31: =O23 -> 0.1940129 | P31: =P23 -> 0.29160133 | Q31: =Q23 -> 0.15050337 | R31: =R23 -> 0.21918138 | S31: molc H+ eq
K32: GWP | L32: =L24 -> 54.753442 | M32: =M24 -> 81.329677 | N32: =N24 -> 45.995894 | O32: =O24 -> 37.25988 | P32: =P24 -> 73.93759 | Q32: =Q24 -> 27.419569 | R32: =R24 -> 43.045629 | S32: kg CO2 eq
K33: Htox | L33: =L25 -> 0.036492357 | M33: =M25 -> 0.1700391 | N33: =N25 -> 0.014391044 | O33: =O25 -> 0.014249572 | P33: =P25 -> 0.019367221 | Q33: =Q25 -> 0.019079852 | R33: =R25 -> 0.026197194 | S33: kCTUh
B34: Data source | K34: RDP | L34: =L26 -> 0.0079586888 | M34: =M26 -> 0.0039123043 | N34: =N26 -> 0.0014530193 | O34: =O26 -> 0.0029663651 | P34: =P26 -> 0.0021325974 | Q34: =Q26 -> 0.0017038118 | R34: =R26 -> 0.0058228955 | S34: kg Sb eq
B35: Electricity from grid | D35: ILCD | G35: Normalisiert | K35: ODP | L35: =L27 -> 7.5256225e-06 | M35: =M27 -> 7.1322697e-06 | N35: =N27 -> 3.721214e-06 | O35: =O27 -> 3.3303444e-06 | P35: =P27 -> 8.1494825e-06 | Q35: =Q27 -> 3.0984322e-06 | R35: =R27 -> 3.6196093e-06 | S35: kg CFC-11 eq
B36: AP | C36: DE | D36: ='Use Phase'!D39 -> 0.00222 | E36: molc H+ eq | F36: per kWh | G36: =D36/MAX($D$36:$D$60) -> 0.0051506926 | K36: PMF | L36: =L28 -> 0.029624008 | M36: =M28 -> 0.051869583 | N36: =N28 -> 0.025459425 | O36: =O28 -> 0.014705597 | P36: =P28 -> 0.02634385 | Q36: =Q28 -> 0.013441182 | R36: =R28 -> 0.019747211 | S36: kg PM2.5 eq
B37: GWP | C37: DE | D37: ='Use Phase'!D40 -> 0.43101 | E37: kg CO2 eq | F37: per kWh | G37: =D37/MAX($D$36:$D$60) -> 1
B38: Htox | C38: DE | D38: ='Use Phase'!D41 -> 0.0001742911 | E38: mCTUh | F38: per kWh | G38: =D38/MAX($D$36:$D$60) -> 0.00040437832 | J38: Hilfsspalte | K38: AP total | L38: =L$4 -> NaNMC | M38: =M$4 -> NaMVP | N38: =N$4 -> NaMMO | O38: =O$4 -> NaNMMT | P38: =P$4 -> NaPBA | Q38: =Q$4 -> LiNMC | R38: =R$4 -> LiFP
B39: RDP | C39: DE | D39: ='Use Phase'!D42 -> 3.25116e-06 | E39: kg Sb eq | F39: per kWh | G39: =D39/MAX($D$36:$D$60) -> 7.5431196e-06 | J39: 0 | K39: Constr. | L39: {=OFFSET(L$31,$J39,,,)*L$11*$C$5} -> 1173.9203 | M39: {=OFFSET(M$31,$J39,,,)*M$11*$C$5} -> 1996.6119 | N39: {=OFFSET(N$31,$J39,,,)*N$11*$C$5} -> 651.97718 | O39: {=OFFSET(O$31,$J39,,,)*O$11*$C$5} -> 611.56239 | P39: {=OFFSET(P$31,$J39,,,)*P$11*$C$5} -> 909.29447 | Q39: {=OFFSET(Q$31,$J39,,,)*Q$11*$C$5} -> 474.4128 | R39: {=OFFSET(R$31,$J39,,,)*R$11*$C$5} -> 683.46883
B40: ODP | C40: DE | D40: ='Use Phase'!D43 -> 1.79507e-08 | E40: kg CFC-11 eq | F40: per kWh | G40: =D40/MAX($D$36:$D$60) -> 4.164799e-08 | J40: 0 | K40: El. Cons | L40: {=OFFSET($C$21,$J40,,,)*L$19} -> 5636.8696 | M40: {=OFFSET($C$21,$J40,,,)*M$19} -> 4879.2258 | N40: {=OFFSET($C$21,$J40,,,)*N$19} -> 5636.8696 | O40: {=OFFSET($C$21,$J40,,,)*O$19} -> 5636.8696 | P40: {=OFFSET($C$21,$J40,,,)*P$19} -> 4879.2258 | Q40: {=OFFSET($C$21,$J40,,,)*Q$19} -> 5636.8696 | R40: {=OFFSET($C$21,$J40,,,)*R$19} -> 4879.2258
B41: PMF | C41: DE | D41: ='Use Phase'!D44 -> 0.00016 | E41: kg PM2.5 eq | F41: per kWh | G41: =D41/MAX($D$36:$D$60) -> 0.00037122109 | J41: 0 | K41: Batt exchange | L41: =L39*L$18 -> 3110.8889 | M41: =M39*M$18 -> 2167.75 | N41: =N39*N$18 -> 1727.7395 | O41: =O39*O$18 -> 1620.6403 | P41: =P39*P$18 -> 987.23399 | Q41: =Q39*Q$18 -> 1257.1939 | R41: =R39*R$18 -> 742.05187
B42: 1.0 kWh electricity, medium voltage | C42: market group for electricity, medium voltage | electricity, medium voltage | Cutoff, U, EU w/o CH | L42: =SUM(L39:L41) -> 9921.6788 | M42: =SUM(M39:M41) -> 9043.5877 | N42: =SUM(N39:N41) -> 8016.5863 | O42: =SUM(O39:O41) -> 7869.0723 | P42: =SUM(P39:P41) -> 6775.7543 | Q42: =SUM(Q39:Q41) -> 7368.4763 | R42: =SUM(R39:R41) -> 6304.7465
B43: Electricity from renewables | D43: Wind
B44: AP | D44: ='Use Phase'!D47 -> 9.04e-05 | E44: molc H+ eq | F44: per kWh | G44: =D44/MAX($D$36:$D$60) -> 0.00020973991 | K44: AP per kWh | L44: =L$4 -> NaNMC | M44: =M$4 -> NaMVP | N44: =N$4 -> NaMMO | O44: =O$4 -> NaNMMT | P44: =P$4 -> NaPBA | Q44: =Q$4 -> LiNMC | R44: =R$4 -> LiFP
B45: GWP | D45: ='Use Phase'!D48 -> 0.0166 | E45: kg CO2 eq | F45: per kWh | G45: =D45/MAX($D$36:$D$60) -> 0.038514188 | K45: Constr. | L45: =(L39/$C$14)*1000 -> 0.040202751 | M45: =(M39/$C$14)*1000 -> 0.068377119 | N45: =(N39/$C$14)*1000 -> 0.022327985 | O45: =(O39/$C$14)*1000 -> 0.020943918 | P45: =(P39/$C$14)*1000 -> 0.031140222 | Q45: =(Q39/$C$14)*1000 -> 0.016247014 | R45: =(R39/$C$14)*1000 -> 0.023406467
B46: Htox | D46: ='Use Phase'!D49 -> 4.87352e-05 | E46: mCTUh | F46: per kWh | G46: =D46/MAX($D$36:$D$60) -> 0.00011307209 | K46: El. Cons | L46: =(L40/$C$14)*1000 -> 0.19304348 | M46: =(M40/$C$14)*1000 -> 0.16709677 | N46: =(N40/$C$14)*1000 -> 0.19304348 | O46: =(O40/$C$14)*1000 -> 0.19304348 | P46: =(P40/$C$14)*1000 -> 0.16709677 | Q46: =(Q40/$C$14)*1000 -> 0.19304348 | R46: =(R40/$C$14)*1000 -> 0.16709677
B47: RDP | D47: ='Use Phase'!D50 -> 1.69e-06 | E47: kg Sb eq | F47: per kWh | G47: =D47/MAX($D$36:$D$60) -> 3.9210227e-06 | K47: Batt exchange | L47: =(L41/$C$14)*1000 -> 0.10653729 | M47: =(M41/$C$14)*1000 -> 0.074238015 | N47: =(N41/$C$14)*1000 -> 0.059169161 | O47: =(O41/$C$14)*1000 -> 0.055501382 | P47: =(P41/$C$14)*1000 -> 0.033809383 | Q47: =(Q41/$C$14)*1000 -> 0.043054587 | R47: =(R41/$C$14)*1000 -> 0.025412735
B48: ODP | D48: ='Use Phase'!D51 -> 1.19e-09 | E48: kg CFC-11 eq | F48: per kWh | G48: =D48/MAX($D$36:$D$60) -> 2.7609568e-09 | K48: Total | L48: =(L42/$C$14)*1000 -> 0.33978352 | M48: =(M42/$C$14)*1000 -> 0.30971191 | N48: =(N42/$C$14)*1000 -> 0.27454063 | O48: =(O42/$C$14)*1000 -> 0.26948878 | P48: =(P42/$C$14)*1000 -> 0.23204638 | Q48: =(Q42/$C$14)*1000 -> 0.25234508 | R48: =(R42/$C$14)*1000 -> 0.21591598
B49: PMF | D49: ='Use Phase'!D52 -> 1.57e-05 | E49: kg PM2.5 eq | F49: per kWh | G49: =D49/MAX($D$36:$D$60) -> 3.6426069e-05 | L49: 0 | M49: 2 | N49: 4 | O49: 6 | P49: 8 | Q49: 10 | R49: 12
B50: electricity production, wind, 1-3MW turbine, onshore | electricity, high voltage | Cutoff, U, DE | H50: 1.0 kWh electricity, high voltage | K50: W+ | L50: =MAX(OFFSET($K$136,,L49,,),OFFSET($K$186,,L49,,))-L48 -> 0.44022012 | M50: =MAX(OFFSET($K$136,,M49,,),OFFSET($K$186,,M49,,))-M48 -> 0.85569081 | N50: =MAX(OFFSET($K$136,,N49,,),OFFSET($K$186,,N49,,))-N48 -> 0.24449144 | O50: =MAX(OFFSET($K$136,,O49,,),OFFSET($K$186,,O49,,))-O48 -> 0.2293359 | P50: =MAX(OFFSET($K$136,,P49,,),OFFSET($K$186,,P49,,))-P48 -> 0.38969763 | Q50: =MAX(OFFSET($K$136,,Q49,,),OFFSET($K$186,,Q49,,))-Q48 -> 0.1779048 | R50: =MAX(OFFSET($K$136,,R49,,),OFFSET($K$186,,R49,,))-R48 -> 0.087874564
K51: W- | L51: =L48-MIN(OFFSET($K$144,,L49,,),OFFSET($K$193,,L49,,)) -> 0.12438368 | M51: =M48-MIN(OFFSET($K$144,,M49,,),OFFSET($K$193,,M49,,)) -> 0.09843698 | N51: =N48-MIN(OFFSET($K$144,,N49,,),OFFSET($K$193,,N49,,)) -> 0.12438368 | O51: =O48-MIN(OFFSET($K$144,,O49,,),OFFSET($K$193,,O49,,)) -> 0.12438368 | P51: =P48-MIN(OFFSET($K$144,,P49,,),OFFSET($K$193,,P49,,)) -> 0.09843698 | Q51: =Q48-MIN(OFFSET($K$144,,Q49,,),OFFSET($K$193,,Q49,,)) -> 0.12438368 | R51: =R48-MIN(OFFSET($K$144,,R49,,),OFFSET($K$193,,R49,,)) -> 0.09843698
L52: =L$4 -> NaNMC | M52: =M$4 -> NaMVP | N52: =N$4 -> NaMMO | O52: =O$4 -> NaNMMT | P52: =P$4 -> NaPBA | Q52: =Q$4 -> LiNMC | R52: =R$4 -> LiFP
J53: 1 | K53: Constr. | L53: {=OFFSET(L$31,$J53,,,)*L$11*$C$5} -> 172592.37 | M53: {=OFFSET(M$31,$J53,,,)*M$11*$C$5} -> 253608.67 | N53: {=OFFSET(N$31,$J53,,,)*N$11*$C$5} -> 144987.06 | O53: {=OFFSET(O$31,$J53,,,)*O$11*$C$5} -> 117449.62 | P53: {=OFFSET(P$31,$J53,,,)*P$11*$C$5} -> 230558.08 | Q53: {=OFFSET(Q$31,$J53,,,)*Q$11*$C$5} -> 86431.25 | R53: {=OFFSET(R$31,$J53,,,)*R$11*$C$5} -> 134228.3
B54: Electrictiy from PV | J54: 1 | K54: El. Cons | L54: {=OFFSET($C$21,$J54,,,)*L$19} -> 1094390.6 | M54: {=OFFSET($C$21,$J54,,,)*M$19} -> 947295.1 | N54: {=OFFSET($C$21,$J54,,,)*N$19} -> 1094390.6 | O54: {=OFFSET($C$21,$J54,,,)*O$19} -> 1094390.6 | P54: {=OFFSET($C$21,$J54,,,)*P$19} -> 947295.1 | Q54: {=OFFSET($C$21,$J54,,,)*Q$19} -> 1094390.6 | R54: {=OFFSET($C$21,$J54,,,)*R$19} -> 947295.1
B55: AP | D55: ='Use Phase'!D58 -> 0.00057 | E55: molc H+ eq | F55: per kWh | G55: =D55/MAX($D$36:$D$60) -> 0.0013224751 | J55: 1 | K55: Batt exchange | L55: =L53*L$18 -> 457369.78 | M55: =M53*M$18 -> 275346.56 | N55: =N53*N$18 -> 384215.71 | O55: =O53*O$18 -> 311241.5 | P55: =P53*P$18 -> 250320.2 | Q55: =Q53*Q$18 -> 229042.81 | R55: =R53*R$18 -> 145733.59
B56: GWP | D56: ='Use Phase'!D59 -> 0.09547 | E56: kg CO2 eq | F56: per kWh | G56: =D56/MAX($D$36:$D$60) -> 0.22150298 | J56: 1 | K56: Total | L56: =SUM(L53:L55) -> 1724352.8 | M56: =SUM(M53:M55) -> 1476250.3 | N56: =SUM(N53:N55) -> 1623593.4 | O56: =SUM(O53:O55) -> 1523081.7 | P56: =SUM(P53:P55) -> 1428173.4 | Q56: =SUM(Q53:Q55) -> 1409864.7 | R56: =SUM(R53:R55) -> 1227257
B57: Htox | D57: ='Use Phase'!D60 -> 9.41942e-05 | E57: mCTUh | F57: per kWh | G57: =D57/MAX($D$36:$D$60) -> 0.00021854296
B58: RDP | D58: ='Use Phase'!D61 -> 1.44753e-05 | E58: kg Sb eq | F58: per kWh | G58: =D58/MAX($D$36:$D$60) -> 3.3584604e-05 | K58: GWP per kWh | L58: =L$4 -> NaNMC | M58: =M$4 -> NaMVP | N58: =N$4 -> NaMMO | O58: =O$4 -> NaNMMT | P58: =P$4 -> NaPBA | Q58: =Q$4 -> LiNMC | R58: =R$4 -> LiFP
B59: ODP | D59: ='Use Phase'!D62 -> 1.02348e-08 | E59: kg CFC-11 eq | F59: per kWh | G59: =D59/MAX($D$36:$D$60) -> 2.3746085e-08 | K59: Constr. | L59: =L53/$C$14 -> 0.0059106977 | M59: =M53/$C$14 -> 0.0086852284 | N59: =N53/$C$14 -> 0.0049653102 | O59: =O53/$C$14 -> 0.0040222473 | P59: =P53/$C$14 -> 0.0078958245 | Q59: =Q53/$C$14 -> 0.0029599743 | R59: =R53/$C$14 -> 0.0045968597
B60: PMF | D60: ='Use Phase'!D63 -> 9.03685e-05 | E60: kg PM2.5 eq | F60: per kWh | G60: =D60/MAX($D$36:$D$60) -> 0.00020966683 | K60: El. Cons | L60: =L54/$C$14 -> 0.03747913 | M60: =M54/$C$14 -> 0.032441613 | N60: =N54/$C$14 -> 0.03747913 | O60: =O54/$C$14 -> 0.03747913 | P60: =P54/$C$14 -> 0.032441613 | Q60: =Q54/$C$14 -> 0.03747913 | R60: =R54/$C$14 -> 0.032441613
B61: 1.0 kWh electricity, low voltage | C61: electricity production, photovoltaic, 570kWp open ground installation, multi-Si | electricity, low voltage | Cutoff, U, DE | K61: Batt exchange | L61: =L55/$C$14 -> 0.015663349 | M61: =M55/$C$14 -> 0.0094296766 | N61: =N55/$C$14 -> 0.013158072 | O61: =O55/$C$14 -> 0.010658955 | P61: =P55/$C$14 -> 0.0085726095 | Q61: =Q55/$C$14 -> 0.0078439319 | R61: =R55/$C$14 -> 0.0049908763
K62: Total | L62: =L56/$C$14 -> 0.059053177 | M62: =M56/$C$14 -> 0.050556518 | N62: =N56/$C$14 -> 0.055602513 | O62: =O56/$C$14 -> 0.052160333 | P62: =P56/$C$14 -> 0.048910047 | Q62: =Q56/$C$14 -> 0.048283037 | R62: =R56/$C$14 -> 0.042029349
L63: 0 | M63: 2 | N63: 4 | O63: 6 | P63: 8 | Q63: 10 | R63: 12
K64: W+ | L64: =MAX(OFFSET($K$148,,L63,,),OFFSET($K$203,,L63,,))-L62 -> 0.064722139 | M64: =MAX(OFFSET($K$148,,M63,,),OFFSET($K$193,,M63,,))-M62 -> 0.16071841 | N64: =MAX(OFFSET($K$148,,N63,,),OFFSET($K$193,,N63,,))-N62 -> 0.094554428 | O64: =MAX(OFFSET($K$148,,O63,,),OFFSET($K$193,,O63,,))-O62 -> 0.09294476 | P64: =MAX(OFFSET($K$148,,P63,,),OFFSET($K$193,,P63,,))-P62 -> 0.098810604 | Q64: =MAX(OFFSET($K$148,,Q63,,),OFFSET($K$193,,Q63,,))-Q62 -> 0.079678358 | R64: =MAX(OFFSET($K$148,,R63,,),OFFSET($K$193,,R63,,))-R62 -> 0.075449647
K65: W- | L65: =L62-MIN(OFFSET($K$156,,L63,,),OFFSET($K$203,,L63,,)) -> 0.024148924 | M65: =M62-MIN(OFFSET($K$156,,M63,,),OFFSET($K$203,,M63,,)) -> 0.019111407 | N65: =N62-MIN(OFFSET($K$156,,N63,,),OFFSET($K$203,,N63,,)) -> 0.024148924 | O65: =O62-MIN(OFFSET($K$156,,O63,,),OFFSET($K$203,,O63,,)) -> 0.024148924 | P65: =P62-MIN(OFFSET($K$156,,P63,,),OFFSET($K$203,,P63,,)) -> 0.019111407 | Q65: =Q62-MIN(OFFSET($K$156,,Q63,,),OFFSET($K$203,,Q63,,)) -> 0.024148924 | R65: =R62-MIN(OFFSET($K$156,,R63,,),OFFSET($K$203,,R63,,)) -> 0.019111407
K66: Htox Total | L66: =L$4 -> NaNMC | M66: =M$4 -> NaMVP | N66: =N$4 -> NaMMO | O66: =O$4 -> NaNMMT | P66: =P$4 -> NaPBA | Q66: =Q$4 -> LiNMC | R66: =R$4 -> LiFP
J67: 2 | K67: Constr. | L67: {=OFFSET(L$31,$J67,,,)*L$11*$C$5} -> 115.03026 | M67: {=OFFSET(M$31,$J67,,,)*M$11*$C$5} -> 530.22944 | N67: {=OFFSET(N$31,$J67,,,)*N$11*$C$5} -> 45.363074 | O67: {=OFFSET(O$31,$J67,,,)*O$11*$C$5} -> 44.917129 | P67: {=OFFSET(P$31,$J67,,,)*P$11*$C$5} -> 60.392409 | Q67: {=OFFSET(Q$31,$J67,,,)*Q$11*$C$5} -> 60.143012 | R67: {=OFFSET(R$31,$J67,,,)*R$11*$C$5} -> 81.690176
J68: 2 | K68: El. Cons | L68: {=OFFSET($C$21,$J68,,,)*L$19} -> 442.54784 | M68: {=OFFSET($C$21,$J68,,,)*M$19} -> 383.0656 | N68: {=OFFSET($C$21,$J68,,,)*N$19} -> 442.54784 | O68: {=OFFSET($C$21,$J68,,,)*O$19} -> 442.54784 | P68: {=OFFSET($C$21,$J68,,,)*P$19} -> 383.0656 | Q68: {=OFFSET($C$21,$J68,,,)*Q$19} -> 442.54784 | R68: {=OFFSET($C$21,$J68,,,)*R$19} -> 383.0656
J69: 2 | K69: Batt exchange | L69: =L67*L$18 -> 304.83018 | M69: =M67*M$18 -> 575.67768 | N69: =N67*N$18 -> 120.21215 | O69: =O67*O$18 -> 119.03039 | P69: =P67*P$18 -> 65.568901 | Q69: =Q67*Q$18 -> 159.37898 | R69: =R67*R$18 -> 88.692191
J70: 2 | K70: Total | L70: =SUM(L67:L69) -> 862.40827 | M70: =SUM(M67:M69) -> 1488.9727 | N70: =SUM(N67:N69) -> 608.12306 | O70: =SUM(O67:O69) -> 606.49536 | P70: =SUM(P67:P69) -> 509.02691 | Q70: =SUM(Q67:Q69) -> 662.06983 | R70: =SUM(R67:R69) -> 553.44797
K72: Htox per kWh | L72: =L$4 -> NaNMC | M72: =M$4 -> NaMVP | N72: =N$4 -> NaMMO | O72: =O$4 -> NaNMMT | P72: =P$4 -> NaPBA | Q72: =Q$4 -> LiNMC | R72: =R$4 -> LiFP
K73: Constr. | L73: =(L67/$C$14)*1000 -> 0.0039393923 | M73: =(M67/$C$14)*1000 -> 0.018158542 | N73: =(N67/$C$14)*1000 -> 0.0015535299 | O73: =(O67/$C$14)*1000 -> 0.0015382578 | P73: =(P67/$C$14)*1000 -> 0.0020682332 | Q73: =(Q67/$C$14)*1000 -> 0.0020596922 | R73: =(R67/$C$14)*1000 -> 0.0027976088
K74: El. Cons | L74: =(L68/$C$14)*1000 -> 0.015155748 | M74: =(M68/$C$14)*1000 -> 0.013118685 | N74: =(N68/$C$14)*1000 -> 0.015155748 | O74: =(O68/$C$14)*1000 -> 0.015155748 | P74: =(P68/$C$14)*1000 -> 0.013118685 | Q74: =(Q68/$C$14)*1000 -> 0.015155748 | R74: =(R68/$C$14)*1000 -> 0.013118685
K75: Batt exchange | L75: =(L69/$C$14)*1000 -> 0.01043939 | M75: =(M69/$C$14)*1000 -> 0.019714989 | N75: =(N69/$C$14)*1000 -> 0.0041168543 | O75: =(O69/$C$14)*1000 -> 0.0040763833 | P75: =(P69/$C$14)*1000 -> 0.0022455103 | Q75: =(Q69/$C$14)*1000 -> 0.0054581843 | R75: =(R69/$C$14)*1000 -> 0.0030374038
K76: Total | L76: =(L70/$C$14)*1000 -> 0.02953453 | M76: =(M70/$C$14)*1000 -> 0.050992216 | N76: =(N70/$C$14)*1000 -> 0.020826132 | O76: =(O70/$C$14)*1000 -> 0.020770389 | P76: =(P70/$C$14)*1000 -> 0.017432428 | Q76: =(Q70/$C$14)*1000 -> 0.022673624 | R76: =(R70/$C$14)*1000 -> 0.018953698
L77: 0 | M77: 2 | N77: 4 | O77: 6 | P77: 8 | Q77: 10 | R77: 12
K78: W+ | L78: =MAX(OFFSET($K$160,,L77,,),OFFSET($K$206,,L77,,))-L76 -> 0.043136346 | M78: =MAX(OFFSET($K$160,,M77,,),OFFSET($K$206,,M77,,))-M76 -> 0.22724119 | N78: =MAX(OFFSET($K$160,,N77,,),OFFSET($K$206,,N77,,))-N76 -> 0.017011153 | O78: =MAX(OFFSET($K$160,,O77,,),OFFSET($K$206,,O77,,))-O76 -> 0.016843923 | P78: =MAX(OFFSET($K$160,,P77,,),OFFSET($K$206,,P77,,))-P76 -> 0.025882461 | Q78: =MAX(OFFSET($K$160,,Q77,,),OFFSET($K$206,,Q77,,))-Q76 -> 0.022553629 | R78: =MAX(OFFSET($K$160,,R77,,),OFFSET($K$206,,R77,,))-R76 -> 0.010503023
K79: W- | L79: =L76-MIN(OFFSET($K$168,,L77,,),OFFSET($K$213,,L77,,)) -> 0.0097653014 | M79: =M76-MIN(OFFSET($K$168,,M77,,),OFFSET($K$213,,M77,,)) -> 0.0077282386 | N79: =N76-MIN(OFFSET($K$168,,N77,,),OFFSET($K$213,,N77,,)) -> 0.0097653014 | O79: =O76-MIN(OFFSET($K$168,,O77,,),OFFSET($K$213,,O77,,)) -> 0.0097653014 | P79: =P76-MIN(OFFSET($K$168,,P77,,),OFFSET($K$213,,P77,,)) -> 0.0077282386 | Q79: =Q76-MIN(OFFSET($K$168,,Q77,,),OFFSET($K$213,,Q77,,)) -> 0.0097653014 | R79: =R76-MIN(OFFSET($K$168,,R77,,),OFFSET($K$213,,R77,,)) -> 0.0077282386
K80: RDP Total | L80: =L$4 -> NaNMC | M80: =M$4 -> NaMVP | N80: =N$4 -> NaMMO | O80: =O$4 -> NaNMMT | P80: =P$4 -> NaPBA | Q80: =Q$4 -> LiNMC | R80: =R$4 -> LiFP
J81: 3 | K81: Constr. | L81: {=OFFSET(L$31,$J81,,,)*L$11*$C$5} -> 25.087171 | M81: {=OFFSET(M$31,$J81,,,)*M$11*$C$5} -> 12.199659 | N81: {=OFFSET(N$31,$J81,,,)*N$11*$C$5} -> 4.5801695 | O81: {=OFFSET(O$31,$J81,,,)*O$11*$C$5} -> 9.3504985 | P81: {=OFFSET(P$31,$J81,,,)*P$11*$C$5} -> 6.6500348 | Q81: {=OFFSET(Q$31,$J81,,,)*Q$11*$C$5} -> 5.370711 | R81: {=OFFSET(R$31,$J81,,,)*R$11*$C$5} -> 18.157416
J82: 3 | K82: El. Cons | L82: {=OFFSET($C$21,$J82,,,)*L$19} -> 8.2551193 | M82: {=OFFSET($C$21,$J82,,,)*M$19} -> 7.1455603 | N82: {=OFFSET($C$21,$J82,,,)*N$19} -> 8.2551193 | O82: {=OFFSET($C$21,$J82,,,)*O$19} -> 8.2551193 | P82: {=OFFSET($C$21,$J82,,,)*P$19} -> 7.1455603 | Q82: {=OFFSET($C$21,$J82,,,)*Q$19} -> 8.2551193 | R82: {=OFFSET($C$21,$J82,,,)*R$19} -> 7.1455603
J83: 3 | K83: Batt exchange | L83: =L81*L$18 -> 66.481004 | M83: =M81*M$18 -> 13.245344 | N83: =N81*N$18 -> 12.137449 | O83: =O81*O$18 -> 24.778821 | P83: =P81*P$18 -> 7.2200378 | Q83: =Q81*Q$18 -> 14.232384 | R83: =R81*R$18 -> 19.713766
J84: 3 | K84: Total | L84: =SUM(L81:L83) -> 99.823294 | M84: =SUM(M81:M83) -> 32.590563 | N84: =SUM(N81:N83) -> 24.972738 | O84: =SUM(O81:O83) -> 42.384439 | P84: =SUM(P81:P83) -> 21.015633 | Q84: =SUM(Q81:Q83) -> 27.858214 | R84: =SUM(R81:R83) -> 45.016743
K86: RDP per kWh | L86: =L$4 -> NaNMC | M86: =M$4 -> NaMVP | N86: =N$4 -> NaMMO | O86: =O$4 -> NaNMMT | P86: =P$4 -> NaPBA | Q86: =Q$4 -> LiNMC | R86: =R$4 -> LiFP
K87: Constr. | L87: =(L81/$C$14)*1000 -> 0.0008591497 | M87: =(M81/$C$14)*1000 -> 0.00041779653 | N87: =(N81/$C$14)*1000 -> 0.00015685512 | O87: =(O81/$C$14)*1000 -> 0.00032022255 | P87: =(P81/$C$14)*1000 -> 0.00022774092 | Q87: =(Q81/$C$14)*1000 -> 0.00018392846 | R87: =(R81/$C$14)*1000 -> 0.00062182932
K88: El. Cons | L88: =(L82/$C$14)*1000 -> 0.00028270957 | M88: =(M82/$C$14)*1000 -> 0.00024471097 | N88: =(N82/$C$14)*1000 -> 0.00028270957 | O88: =(O82/$C$14)*1000 -> 0.00028270957 | P88: =(P82/$C$14)*1000 -> 0.00024471097 | Q88: =(Q82/$C$14)*1000 -> 0.00028270957 | R88: =(R82/$C$14)*1000 -> 0.00024471097
K89: Batt exchange | L89: =(L83/$C$14)*1000 -> 0.0022767467 | M89: =(M83/$C$14)*1000 -> 0.00045360766 | N89: =(N83/$C$14)*1000 -> 0.00041566607 | O89: =(O83/$C$14)*1000 -> 0.00084858976 | P89: =(P83/$C$14)*1000 -> 0.00024726157 | Q89: =(Q83/$C$14)*1000 -> 0.00048741042 | R89: =(R83/$C$14)*1000 -> 0.00067512898
K90: Total | L90: =(L84/$C$14)*1000 -> 0.003418606 | M90: =(M84/$C$14)*1000 -> 0.0011161152 | N90: =(N84/$C$14)*1000 -> 0.00085523076 | O90: =(O84/$C$14)*1000 -> 0.0014515219 | P90: =(P84/$C$14)*1000 -> 0.00071971346 | Q90: =(Q84/$C$14)*1000 -> 0.00095404844 | R90: =(R84/$C$14)*1000 -> 0.0015416693
L91: 0 | M91: 2 | N91: 4 | O91: 6 | P91: 8 | Q91: 10 | R91: 12
K92: W+ | L92: =MAX(OFFSET($K$172,,L91,,),OFFSET($K$216,,L91,,))-L90 -> 0.0094076892 | M92: =MAX(OFFSET($K$172,,M91,,),OFFSET($K$216,,M91,,))-M90 -> 0.0052284252 | N92: =MAX(OFFSET($K$172,,N91,,),OFFSET($K$216,,N91,,))-N90 -> 0.0017175636 | O92: =MAX(OFFSET($K$172,,O91,,),OFFSET($K$216,,O91,,))-O90 -> 0.0035064369 | P92: =MAX(OFFSET($K$172,,P91,,),OFFSET($K$216,,P91,,))-P90 -> 0.0028500149 | Q92: =MAX(OFFSET($K$172,,Q91,,),OFFSET($K$216,,Q91,,))-Q90 -> 0.0020140166 | R92: =MAX(OFFSET($K$172,,R91,,),OFFSET($K$216,,R91,,))-R90 -> 0.0023345249
K93: W- | L93: =L90-MIN(OFFSET($K$180,,L91,,),OFFSET($K$223,,L91,,)) -> 0.001417597 | M93: =M90-MIN(OFFSET($K$180,,M91,,),OFFSET($K$223,,M91,,)) -> 0.00014415963 | N93: =N90-MIN(OFFSET($K$180,,N91,,),OFFSET($K$223,,N91,,)) -> 0.00025881095 | O93: =O90-MIN(OFFSET($K$180,,O91,,),OFFSET($K$223,,O91,,)) -> 0.00052836721 | P93: =P90-MIN(OFFSET($K$180,,P91,,),OFFSET($K$223,,P91,,)) -> 0.00014415963 | Q93: =Q90-MIN(OFFSET($K$180,,Q91,,),OFFSET($K$223,,Q91,,)) -> 0.00030348196 | R93: =R90-MIN(OFFSET($K$180,,R91,,),OFFSET($K$223,,R91,,)) -> 0.00014415963
K94: ODP Total | L94: =L$4 -> NaNMC | M94: =M$4 -> NaMVP | N94: =N$4 -> NaMMO | O94: =O$4 -> NaNMMT | P94: =P$4 -> NaPBA | Q94: =Q$4 -> LiNMC | R94: =R$4 -> LiFP
J95: 4 | K95: Constr. | L95: {=OFFSET(L$31,$J95,,,)*L$11*$C$5} -> 0.023722071 | M95: {=OFFSET(M$31,$J95,,,)*M$11*$C$5} -> 0.022240411 | N95: {=OFFSET(N$31,$J95,,,)*N$11*$C$5} -> 0.011729914 | O95: {=OFFSET(O$31,$J95,,,)*O$11*$C$5} -> 0.010497825 | P95: {=OFFSET(P$31,$J95,,,)*P$11*$C$5} -> 0.025412365 | Q95: {=OFFSET(Q$31,$J95,,,)*Q$11*$C$5} -> 0.0097667971 | R95: {=OFFSET(R$31,$J95,,,)*R$11*$C$5} -> 0.011286954
J96: 4 | K96: El. Cons | L96: {=OFFSET($C$21,$J96,,,)*L$19} -> 0.045579169 | M96: {=OFFSET($C$21,$J96,,,)*M$19} -> 0.039452936 | N96: {=OFFSET($C$21,$J96,,,)*N$19} -> 0.045579169 | O96: {=OFFSET($C$21,$J96,,,)*O$19} -> 0.045579169 | P96: {=OFFSET($C$21,$J96,,,)*P$19} -> 0.039452936 | Q96: {=OFFSET($C$21,$J96,,,)*Q$19} -> 0.045579169 | R96: {=OFFSET($C$21,$J96,,,)*R$19} -> 0.039452936
J97: 4 | K97: Batt exchange | L97: =L95*L$18 -> 0.062863488 | M97: =M95*M$18 -> 0.024146732 | N97: =N95*N$18 -> 0.031084271 | O97: =O95*O$18 -> 0.027819235 | P97: =P95*P$18 -> 0.027590568 | Q97: =Q95*Q$18 -> 0.025882012 | R97: =R95*R$18 -> 0.012254407
K98: Total | L98: =SUM(L95:L97) -> 0.13216473 | M98: =SUM(M95:M97) -> 0.085840079 | N98: =SUM(N95:N97) -> 0.088393354 | O98: =SUM(O95:O97) -> 0.083896228 | P98: =SUM(P95:P97) -> 0.092455869 | Q98: =SUM(Q95:Q97) -> 0.081227978 | R98: =SUM(R95:R97) -> 0.062994297
K100: ODP per kWh | L100: =L$4 -> NaNMC | M100: =M$4 -> NaMVP | N100: =N$4 -> NaMMO | O100: =O$4 -> NaNMMT | P100: =P$4 -> NaPBA | Q100: =Q$4 -> LiNMC | R100: =R$4 -> LiFP
K101: Constr. | L101: =L95/$C$14 -> 8.1239968e-10 | M101: =M95/$C$14 -> 7.616579e-10 | N101: =N95/$C$14 -> 4.0170937e-10 | O101: =O95/$C$14 -> 3.5951454e-10 | P101: =P95/$C$14 -> 8.7028647e-10 | Q101: =Q95/$C$14 -> 3.3447935e-10 | R101: =R95/$C$14 -> 3.8653952e-10
K102: El. Cons | L102: =L96/$C$14 -> 1.5609304e-09 | M102: =M96/$C$14 -> 1.351128e-09 | N102: =N96/$C$14 -> 1.5609304e-09 | O102: =O96/$C$14 -> 1.5609304e-09 | P102: =P96/$C$14 -> 1.351128e-09 | Q102: =Q96/$C$14 -> 1.5609304e-09 | R102: =R96/$C$14 -> 1.351128e-09
K103: Batt exchange | L103: =L97/$C$14 -> 2.1528592e-09 | M103: =M97/$C$14 -> 8.2694287e-10 | N103: =N97/$C$14 -> 1.0645298e-09 | O103: =O97/$C$14 -> 9.5271353e-10 | P103: =P97/$C$14 -> 9.4488245e-10 | Q103: =Q97/$C$14 -> 8.8637028e-10 | R103: =R97/$C$14 -> 4.1967147e-10
K104: Total | L104: =L98/$C$14 -> 4.5261893e-09 | M104: =M98/$C$14 -> 2.9397287e-09 | N104: =N98/$C$14 -> 3.0271697e-09 | O104: =O98/$C$14 -> 2.8731585e-09 | P104: =P98/$C$14 -> 3.1662969e-09 | Q104: =Q98/$C$14 -> 2.7817801e-09 | R104: =R98/$C$14 -> 2.1573389e-09
K108: PMF total | L108: =L$4 -> NaNMC | M108: =M$4 -> NaMVP | N108: =N$4 -> NaMMO | O108: =O$4 -> NaNMMT | P108: =P$4 -> NaPBA | Q108: =Q$4 -> LiNMC | R108: =R$4 -> LiFP
J109: 5 | K109: Constr. | L109: {=OFFSET(L$31,$J109,,,)*L$11*$C$5} -> 93.380026 | M109: {=OFFSET(M$31,$J109,,,)*M$11*$C$5} -> 161.74386 | N109: {=OFFSET(N$31,$J109,,,)*N$11*$C$5} -> 80.252536 | O109: {=OFFSET(O$31,$J109,,,)*O$11*$C$5} -> 46.354599 | P109: {=OFFSET(P$31,$J109,,,)*P$11*$C$5} -> 82.147489 | Q109: {=OFFSET(Q$31,$J109,,,)*Q$11*$C$5} -> 42.368942 | R109: {=OFFSET(R$31,$J109,,,)*R$11*$C$5} -> 61.577325
...

Sheet Use Phase
D1: Changeable | E1: data needed
B3: Case | C3: 1 | K3: Help line | M3: =L3+3 -> 3 | N3: =M3+3 -> 6 | O3: =N3+3 -> 9 | P3: =O3+3 -> 12 | Q3: =P3+3 -> 15 | R3: =Q3+3 -> 18
B4: Parameter | C4: Value | D4: Unit | K4: Use phase | L4: {=OFFSET(Resume_SensAnal!$D$6,,L3,,)} -> NaNMC | M4: {=OFFSET(Resume_SensAnal!$D$6,,M3,,)} -> NaMVP | N4: {=OFFSET(Resume_SensAnal!$D$6,,N3,,)} -> NaMMO | O4: {=OFFSET(Resume_SensAnal!$D$6,,O3,,)} -> NaNMMT | P4: {=OFFSET(Resume_SensAnal!$D$6,,P3,,)} -> NaPBA | Q4: {=OFFSET(Resume_SensAnal!$D$6,,Q3,,)} -> LiNMC | R4: {=OFFSET(Resume_SensAnal!$D$6,,R3,,)} -> LiFP
B5: Capacity | C5: 2000 | D5: kWh | K5: Efficiency | L5: 0.92 | M5: 0.93 | N5: 0.92 | O5: 0.92 | P5: 0.93 | Q5: 0.92 | R5: 0.93
B6: Power | C6: 1 | D6: MW | K6: Min SOC | L6: 0.2 | M6: 0.2 | N6: 0.2 | O6: 0.2 | P6: 0.2 | Q6: 0.2 | R6: 0.2
B7: Cycles per day | C7: 2 | D7: - | K7: Max SOC | L7: 0.95 | M7: 0.95 | N7: 0.95 | O7: 0.95 | P7: 0.95 | Q7: 0.95 | R7: 0.95
B8: Project life time | C8: 20 | D8: years | K8: Cycle life time | L8: 4000 | M8: 7000 | N8: 4000 | O8: 4000 | P8: 7000 | Q8: 4000 | R8: 7000
B9: Cycles over project lifetime | C9: =C7*C8*365 -> 14600 | D9: Cylces | K9: Calendric Life time | L9: 10 | M9: 10 | N9: 10 | O9: 10 | P9: 10 | Q9: 10 | R9: 10
K10: Retention rate | L10: 0.8 | M10: 0.8 | N10: 0.8 | O10: 0.8 | P10: 0.8 | Q10: 0.8 | R10: 0.8
K11: Cap for 1 kWh provided | L11: =1/L5*(1+L6+1-L7+1-L10) -> 1.576087 | M11: =1/M5*(1+M6+1-M7+1-M10) -> 1.5591398 | N11: =1/N5*(1+N6+1-N7+1-N10) -> 1.576087 | O11: =1/O5*(1+O6+1-O7+1-O10) -> 1.576087 | P11: =1/P5*(1+P6+1-P7+1-P10) -> 1.5591398 | Q11: =1/Q5*(1+Q6+1-Q7+1-Q10) -> 1.576087 | R11: =1/R5*(1+R6+1-R7+1-R10) -> 1.5591398
K12: Energy Density | L12: 136.31 | M12: 152.46717 | N12: 157.08 | O12: 171.91013 | P12: 124.1 | Q12: 272.11478 | R12: 197.41872
B14: Total energy stored | C14: =C9*C6*C5 -> 29200000 | D14: kWh | L14: =L4 -> NaNMC | M14: =M4 -> NaMVP | N14: =N4 -> NaMMO | O14: =O4 -> NaNMMT | P14: =P4 -> NaPBA | Q14: =Q4 -> LiNMC | R14: =R4 -> LiFP
B15: Total cycles per year | C15: =C14/20/(C6*1000) -> 1460 | D15: typical storage times --> 1000 - 2000 hours p.a. | K15: Total cap | L15: =L11*$C$5 -> 3152.1739 | M15: =M11*$C$5 -> 3118.2796 | N15: =N11*$C$5 -> 3152.1739 | O15: =O11*$C$5 -> 3152.1739 | P15: =P11*$C$5 -> 3118.2796 | Q15: =Q11*$C$5 -> 3152.1739 | R15: =R11*$C$5 -> 3118.2796
B16: Operation rate p. year | C16: =C15/8760 -> 0.16666667 | K16: Ex. Cell cycle | L16: =$C$9/L$8-1 -> 2.65 | M16: =$C$9/M$8-1 -> 1.0857143 | N16: =$C$9/N$8-1 -> 2.65 | O16: =$C$9/O$8-1 -> 2.65 | P16: =$C$9/P$8-1 -> 1.0857143 | Q16: =$C$9/Q$8-1 -> 2.65 | R16: =$C$9/R$8-1 -> 1.0857143
K17: Ex Cell cal. | L17: =$C$8/L$9-1 -> 1 | M17: =$C$8/M$9-1 -> 1 | N17: =$C$8/N$9-1 -> 1 | O17: =$C$8/O$9-1 -> 1 | P17: =$C$8/P$9-1 -> 1 | Q17: =$C$8/Q$9-1 -> 1 | R17: =$C$8/R$9-1 -> 1
K18: Used Ex | L18: =MAX(L16:L17) -> 2.65 | M18: =MAX(M16:M17) -> 1.0857143 | N18: =MAX(N16:N17) -> 2.65 | O18: =MAX(O16:O17) -> 2.65 | P18: =MAX(P16:P17) -> 1.0857143 | Q18: =MAX(Q16:Q17) -> 2.65 | R18: =MAX(R16:R17) -> 1.0857143
B19: Recycling | C19: 1 | D19: y=1 else 0 | K19: Total consumed Energy | L19: =($C$14/L$5)-$C$14 -> 2539130.4 | M19: =($C$14/M$5)-$C$14 -> 2197849.5 | N19: =($C$14/N$5)-$C$14 -> 2539130.4 | O19: =($C$14/O$5)-$C$14 -> 2539130.4 | P19: =($C$14/P$5)-$C$14 -> 2197849.5 | Q19: =($C$14/Q$5)-$C$14 -> 2539130.4 | R19: =($C$14/R$5)-$C$14 -> 2197849.5
B20: Selected eletricity | C20: 3 | D20: 1 für electricty "from Grid", 2 für Wind, 3 für PV, 0 ohne Strom | K20: In % | L20: =L19/$C$14 -> 0.086956522 | M20: =M19/$C$14 -> 0.075268817 | N20: =N19/$C$14 -> 0.086956522 | O20: =O19/$C$14 -> 0.086956522 | P20: =P19/$C$14 -> 0.075268817 | Q20: =Q19/$C$14 -> 0.086956522 | R20: =R19/$C$14 -> 0.075268817
B21: Resulting Electrictiy mix
B22: AP | C22: =IF($C$20=1,D39,IF($C$20=2,D47,IF($C$20=3,D58,1E-68))) -> 0.00057 | K22: Impacts per kg | L22: =L$4 -> NaNMC | M22: =M$4 -> NaMVP | N22: =N$4 -> NaMMO | O22: =O$4 -> NaNMMT | P22: =P$4 -> NaPBA | Q22: =Q$4 -> LiNMC | R22: =R$4 -> LiFP
B23: GWP | C23: =IF($C$20=1,D40,IF($C$20=2,D48,IF($C$20=3,D59,1E-68))) -> 0.09547 | K23: AP | L23: =IF($C$19=0,Resume_SensAnal!D16,Resume_SensAnal!F16) -> 0.37241611 | M23: {=IF($C$19=0,OFFSET(Resume_SensAnal!$D16,,M$3,,),OFFSET(Resume_SensAnal!$F16,,M$3,,))} -> 0.64029278 | N23: {=IF($C$19=0,OFFSET(Resume_SensAnal!$D16,,N$3,,),OFFSET(Resume_SensAnal!$F16,,N$3,,))} -> 0.20683414 | O23: {=IF($C$19=0,OFFSET(Resume_SensAnal!$D16,,O$3,,),OFFSET(Resume_SensAnal!$F16,,O$3,,))} -> 0.1940129 | P23: {=IF($C$19=0,OFFSET(Resume_SensAnal!$D16,,P$3,,),OFFSET(Resume_SensAnal!$F16,,P$3,,))} -> 0.29160133 | Q23: {=IF($C$19=0,OFFSET(Resume_SensAnal!$D16,,Q$3,,),OFFSET(Resume_SensAnal!$F16,,Q$3,,))} -> 0.15050337 | R23: {=IF($C$19=0,OFFSET(Resume_SensAnal!$D16,,R$3,,),OFFSET(Resume_SensAnal!$F16,,R$3,,))} -> 0.21918138 | S23: molc H+ eq
B24: Htox | C24: =IF($C$20=1,D41,IF($C$20=2,D49,IF($C$20=3,D60,1E-68))) -> 9.41942e-05 | K24: GWP | L24: =IF($C$19=0,Resume_SensAnal!D17,Resume_SensAnal!F17) -> 54.753442 | M24: {=IF($C$19=0,OFFSET(Resume_SensAnal!$D17,,M$3,,),OFFSET(Resume_SensAnal!$F17,,M$3,,))} -> 81.329677 | N24: {=IF($C$19=0,OFFSET(Resume_SensAnal!$D17,,N$3,,),OFFSET(Resume_SensAnal!$F17,,N$3,,))} -> 45.995894 | O24: {=IF($C$19=0,OFFSET(Resume_SensAnal!$D17,,O$3,,),OFFSET(Resume_SensAnal!$F17,,O$3,,))} -> 37.25988 | P24: {=IF($C$19=0,OFFSET(Resume_SensAnal!$D17,,P$3,,),OFFSET(Resume_SensAnal!$F17,,P$3,,))} -> 73.93759 | Q24: {=IF($C$19=0,OFFSET(Resume_SensAnal!$D17,,Q$3,,),OFFSET(Resume_SensAnal!$F17,,Q$3,,))} -> 27.419569 | R24: {=IF($C$19=0,OFFSET(Resume_SensAnal!$D17,,R$3,,),OFFSET(Resume_SensAnal!$F17,,R$3,,))} -> 43.045629 | S24: kg CO2 eq
B25: RDP | C25: =IF($C$20=1,D42,IF($C$20=2,D50,IF($C$20=3,D61,1E-68))) -> 1.44753e-05 | K25: Htox | L25: =IF($C$19=0,Resume_SensAnal!D18,Resume_SensAnal!F18) -> 0.036492357 | M25: {=IF($C$19=0,OFFSET(Resume_SensAnal!$D18,,M$3,,),OFFSET(Resume_SensAnal!$F18,,M$3,,))} -> 0.1700391 | N25: {=IF($C$19=0,OFFSET(Resume_SensAnal!$D18,,N$3,,),OFFSET(Resume_SensAnal!$F18,,N$3,,))} -> 0.014391044 | O25: {=IF($C$19=0,OFFSET(Resume_SensAnal!$D18,,O$3,,),OFFSET(Resume_SensAnal!$F18,,O$3,,))} -> 0.014249572 | P25: {=IF($C$19=0,OFFSET(Resume_SensAnal!$D18,,P$3,,),OFFSET(Resume_SensAnal!$F18,,P$3,,))} -> 0.019367221 | Q25: {=IF($C$19=0,OFFSET(Resume_SensAnal!$D18,,Q$3,,),OFFSET(Resume_SensAnal!$F18,,Q$3,,))} -> 0.019079852 | R25: {=IF($C$19=0,OFFSET(Resume_SensAnal!$D18,,R$3,,),OFFSET(Resume_SensAnal!$F18,,R$3,,))} -> 0.026197194 | S25: =Resume_SensAnal!Y18 -> mCTUh
B26: ODP | C26: =IF($C$20=1,D43,IF($C$20=2,D51,IF($C$20=3,D62,1E-68))) -> 1.02348e-08 | K26: RDP | L26: =IF($C$19=0,Resume_SensAnal!D19,Resume_SensAnal!F19) -> 0.0079586888 | M26: {=IF($C$19=0,OFFSET(Resume_SensAnal!$D19,,M$3,,),OFFSET(Resume_SensAnal!$F19,,M$3,,))} -> 0.0039123043 | N26: {=IF($C$19=0,OFFSET(Resume_SensAnal!$D19,,N$3,,),OFFSET(Resume_SensAnal!$F19,,N$3,,))} -> 0.0014530193 | O26: {=IF($C$19=0,OFFSET(Resume_SensAnal!$D19,,O$3,,),OFFSET(Resume_SensAnal!$F19,,O$3,,))} -> 0.0029663651 | P26: {=IF($C$19=0,OFFSET(Resume_SensAnal!$D19,,P$3,,),OFFSET(Resume_SensAnal!$F19,,P$3,,))} -> 0.0021325974 | Q26: {=IF($C$19=0,OFFSET(Resume_SensAnal!$D19,,Q$3,,),OFFSET(Resume_SensAnal!$F19,,Q$3,,))} -> 0.0017038118 | R26: {=IF($C$19=0,OFFSET(Resume_SensAnal!$D19,,R$3,,),OFFSET(Resume_SensAnal!$F19,,R$3,,))} -> 0.0058228955 | S26: kg Sb eq
B27: PMF | C27: =IF($C$20=1,D44,IF($C$20=2,D52,IF($C$20=3,D63,1E-68))) -> 9.03685e-05 | K27: ODP | L27: =IF($C$19=0,Resume_SensAnal!D20,Resume_SensAnal!F20) -> 7.5256225e-06 | M27: {=IF($C$19=0,OFFSET(Resume_SensAnal!$D20,,M$3,,),OFFSET(Resume_SensAnal!$F20,,M$3,,))} -> 7.1322697e-06 | N27: {=IF($C$19=0,OFFSET(Resume_SensAnal!$D20,,N$3,,),OFFSET(Resume_SensAnal!$F20,,N$3,,))} -> 3.721214e-06 | O27: {=IF($C$19=0,OFFSET(Resume_SensAnal!$D20,,O$3,,),OFFSET(Resume_SensAnal!$F20,,O$3,,))} -> 3.3303444e-06 | P27: {=IF($C$19=0,OFFSET(Resume_SensAnal!$D20,,P$3,,),OFFSET(Resume_SensAnal!$F20,,P$3,,))} -> 8.1494825e-06 | Q27: {=IF($C$19=0,OFFSET(Resume_SensAnal!$D20,,Q$3,,),OFFSET(Resume_SensAnal!$F20,,Q$3,,))} -> 3.0984322e-06 | R27: {=IF($C$19=0,OFFSET(Resume_SensAnal!$D20,,R$3,,),OFFSET(Resume_SensAnal!$F20,,R$3,,))} -> 3.6196093e-06 | S27: kg CFC-11 eq
K28: PMF | L28: =IF($C$19=0,Resume_SensAnal!D21,Resume_SensAnal!F21) -> 0.029624008 | M28: {=IF($C$19=0,OFFSET(Resume_SensAnal!$D21,,M$3,,),OFFSET(Resume_SensAnal!$F21,,M$3,,))} -> 0.051869583 | N28: {=IF($C$19=0,OFFSET(Resume_SensAnal!$D21,,N$3,,),OFFSET(Resume_SensAnal!$F21,,N$3,,))} -> 0.025459425 | O28: {=IF($C$19=0,OFFSET(Resume_SensAnal!$D21,,O$3,,),OFFSET(Resume_SensAnal!$F21,,O$3,,))} -> 0.014705597 | P28: {=IF($C$19=0,OFFSET(Resume_SensAnal!$D21,,P$3,,),OFFSET(Resume_SensAnal!$F21,,P$3,,))} -> 0.02634385 | Q28: {=IF($C$19=0,OFFSET(Resume_SensAnal!$D21,,Q$3,,),OFFSET(Resume_SensAnal!$F21,,Q$3,,))} -> 0.013441182 | R28: {=IF($C$19=0,OFFSET(Resume_SensAnal!$D21,,R$3,,),OFFSET(Resume_SensAnal!$F21,,R$3,,))} -> 0.019747211 | S28: kg PM2.5 eq
K30: Energy density base | L30: 136.31 | M30: 152.46717 | N30: 157.08 | O30: 171.91013 | P30: 124.1 | Q30: 272.11478 | R30: 197.41872
K31: Used | L31: =L30/L12 -> 1 | M31: =M30/M12 -> 1 | N31: =N30/N12 -> 1 | O31: =O30/O12 -> 1 | P31: =P30/P12 -> 1 | Q31: =Q30/Q12 -> 1 | R31: =R30/R12 -> 1
K33: Impact per kWh | L33: =L$4 -> NaNMC | M33: =M$4 -> NaMVP | N33: =N$4 -> NaMMO | O33: =O$4 -> NaNMMT | P33: =P$4 -> NaPBA | Q33: =Q$4 -> LiNMC | R33: =R$4 -> LiFP
K34: AP | L34: =L23*L$31 -> 0.37241611 | M34: =M23*M$31 -> 0.64029278 | N34: =N23*N$31 -> 0.20683414 | O34: =O23*O$31 -> 0.1940129 | P34: =P23*P$31 -> 0.29160133 | Q34: =Q23*Q$31 -> 0.15050337 | R34: =R23*R$31 -> 0.21918138 | S34: molc H+ eq
B35: Electricity sources | K35: GWP | L35: =L24*L$31 -> 54.753442 | M35: =M24*M$31 -> 81.329677 | N35: =N24*N$31 -> 45.995894 | O35: =O24*O$31 -> 37.25988 | P35: =P24*P$31 -> 73.93759 | Q35: =Q24*Q$31 -> 27.419569 | R35: =R24*R$31 -> 43.045629 | S35: kg CO2 eq
K36: Htox | L36: =L25*L$31 -> 0.036492357 | M36: =M25*M$31 -> 0.1700391 | N36: =N25*N$31 -> 0.014391044 | O36: =O25*O$31 -> 0.014249572 | P36: =P25*P$31 -> 0.019367221 | Q36: =Q25*Q$31 -> 0.019079852 | R36: =R25*R$31 -> 0.026197194 | S36: kCTUh
B37: Data source | K37: RDP | L37: =L26*L$31 -> 0.0079586888 | M37: =M26*M$31 -> 0.0039123043 | N37: =N26*N$31 -> 0.0014530193 | O37: =O26*O$31 -> 0.0029663651 | P37: =P26*P$31 -> 0.0021325974 | Q37: =Q26*Q$31 -> 0.0017038118 | R37: =R26*R$31 -> 0.0058228955 | S37: kg Sb eq
B38: Electricity from grid | D38: ILCD | G38: Normalized | K38: ODP | L38: =L27*L$31 -> 7.5256225e-06 | M38: =M27*M$31 -> 7.1322697e-06 | N38: =N27*N$31 -> 3.721214e-06 | O38: =O27*O$31 -> 3.3303444e-06 | P38: =P27*P$31 -> 8.1494825e-06 | Q38: =Q27*Q$31 -> 3.0984322e-06 | R38: =R27*R$31 -> 3.6196093e-06 | S38: kg CFC-11 eq
